family,kind,d,eps,ess_cf,d2_cf,ess_emp,ess_emp_half,ess_dbl_pass,relsd_analytic,logz_emp,logz_dbl_pass,logz_bias_1e4,logz_sd_1e4,seconds,note
gaussian,shift,2,0.02,0.9992003199146836,0.0008,0.9991995547278978,0.9992014548413114,True,5.661382751329646e-05,3.58929672099606e-05,True,3.639511801313944e-05,0.0003252738126139,0.59,
gaussian,shift,2,0.05,0.9950124791926824,0.0049999999999999,0.9950164349837752,0.9950267572149004,True,0.000142131418155,5.020117590603945e-05,True,2.604623290965336e-05,0.000685907470705,0.57,
gaussian,shift,2,0.1,0.9801986733067553,0.02,0.9801959042988008,0.9801670415594024,True,0.0002885949889983,5.448256739981616e-05,True,0.0001883971877644,0.0014659758478499,0.57,
gaussian,shift,2,0.15,0.9559974818330998,0.045,0.9559226547107984,0.9560457305354004,True,0.0004440916156851,7.780754947006585e-05,True,-0.0003389037673443,0.0019961640877092,0.59,
gaussian,shift,2,0.2,0.9231163463866358,0.08,0.9230852852324356,0.923249835306042,True,0.0006141072905738,0.0001428583896974,True,0.0002976976669744,0.0026249069876011,0.59,
gaussian,shift,2,0.3,0.835270211411272,0.18,0.8354467941560324,0.8363244990152108,True,0.0010268559833997,9.083693493217028e-05,True,-0.0001791446806623,0.0042695982234803,0.59,
gaussian,shift,2,0.5,0.6065306597126334,0.5,0.6068996838679909,0.607266902452488,True,0.0025276582243117,-0.0009244303742743,True,-3.5435076393905974e-05,0.0086805027310028,0.57,
gaussian,shift,2,0.7,0.3753110988513995,0.98,0.3750582275258701,0.3762557811486124,True,0.0070285449972284,-0.0030684653058123,True,-0.000893119182697,0.0120523762565599,0.59,
gaussian,shift,2,1.0,0.1353352832366127,2.0,0.1360471582701785,0.1378049708991482,True,0.0545889914455444,-0.0025637282122588,True,-0.0038451267320057,0.0253779651623094,0.58,
gaussian,scale,2,-0.3,0.816326530612245,0.2029408439966901,0.8169917023351329,0.821207786586258,True,inf,0.0002008706367799,True,0.0013354937182061,0.0045623455650318,0.59,
gaussian,scale,2,-0.2,0.9374999999999998,0.0645385211375714,0.9377607941856426,0.937685699947062,True,0.0008944271909999,-0.0005598404412463,True,3.1131696680120056e-06,0.0027995266923249,0.58,
gaussian,scale,2,-0.1,0.9876543209876544,0.0124225199985572,0.9876050242349548,0.987707745174309,True,0.0002581988897471,0.0001032335519681,True,-0.0001009084526655,0.0011286307141123,0.59,
gaussian,scale,2,-0.05,0.997229916897507,0.0027739268827252,0.9972353527099286,0.997223788264892,True,0.0001118033988749,5.514168229581173e-06,True,3.966730650413197e-05,0.000562633976236,0.61,
gaussian,scale,2,0.05,0.997732426303855,0.002270148534539,0.9977268539821648,0.9977354824638576,True,9.12870929175251e-05,-5.14399835864765e-05,True,-4.072227293583808e-05,0.0004651109432556,0.61,
gaussian,scale,2,0.1,0.9917355371900825,0.0082988028146952,0.9917433643315434,0.9917575074278648,True,0.0001690308509457,4.907583034707841e-05,True,3.404276610837087e-05,0.0008748996584754,0.62,
gaussian,scale,2,0.2,0.9722222222222222,0.0281708769666963,0.9721775498756502,0.9723374253883827,True,0.0002981423969999,-0.0001354285627197,True,-6.237775850999939e-05,0.0017012641212734,0.61,
gaussian,scale,2,0.3,0.9467455621301776,0.0547248996892466,0.946587985795576,0.9468203117039984,True,0.0004045199174779,-0.0002952231371242,True,0.0001614079274113,0.0024849562948468,0.62,
gaussian,scale,2,0.5,0.8888888888888888,0.1177830356563835,0.8888614944620384,0.8886285637687947,True,0.0005773502691896,-0.0001962501593233,True,-0.0005019078022418,0.0036740961206407,0.67,
gmm,weight_distort,2,0.1,0.96,0.0408219945202551,0.9600035600970612,0.9600029755660708,True,0.0004082482904638,-9.12447051639731e-05,True,0.0001364094757341,0.0020405669920085,2.38,semi-cf (well-separated approx)
gmm,weight_distort,2,0.2,0.84,0.1743533871447778,0.8400169936343196,0.8400166191122084,True,0.0008728715609439,-0.0017657904066208,True,-1.9920834509434827e-05,0.0041337093936754,2.3,semi-cf (well-separated approx)
gmm,weight_distort,2,0.3,0.64,0.4462871026284195,0.6400336599121241,0.640024736018135,True,0.0014999999999999,0.0003378104535638,True,-0.0011304910678815,0.007881690777845,2.29,semi-cf (well-separated approx)
gmm,weight_distort,2,0.4,0.3599999999999999,1.0216512475319817,0.3600340478479422,0.3600355858336532,True,0.0026666666666666,0.002079163188867,True,0.0007236211071349,0.0141568557823965,2.3,semi-cf (well-separated approx)
gmm,weight_distort,2,0.45,0.1899999999999999,1.660731206821651,0.1900338035990884,0.1900325718077124,True,0.0041294832096701,0.0004433359965769,True,0.0003079202272967,0.0196093968998548,2.21,semi-cf (well-separated approx)
gmm,mode_drop,2,,6.415243562194552e-28,62.61370563888011,0.8662970470650252,0.016586409023499105,False,inf,-0.692130144257666,True,-0.692250918673992,0.003158877430909764,0.64,BLIND SPOT: E[w]=1 so Zhat unbiased only at astronomical N; at practical N logZ locks onto -ln2 with tiny variance; empirical ESS is seed-lottery (const-weight plateau vs tail spike)
funnel,cond_scale,2,-0.3,0.9035079029052512,0.101470421998345,0.9026213809212024,0.9056814448345832,True,inf,0.0007228943217647,True,0.000526845251291,0.0036063622551445,0.3,"cf exact: v-part matches, mismatch only in d-1 conditionals"
funnel,cond_scale,2,-0.15,0.9843059135695008,0.0158185424715912,0.984280768470198,0.9845000767148728,True,0.0003267983798291,8.19927065336401e-05,True,0.0002403895750881,0.0013982815046163,0.3,"cf exact: v-part matches, mismatch only in d-1 conditionals"
funnel,cond_scale,2,-0.05,0.9986139979479092,0.0013869634413625,0.998618481429272,0.998614137693878,True,7.89340856341894e-05,-4.200043001389986e-05,True,-2.558596451843087e-05,0.0003619601584966,0.3,"cf exact: v-part matches, mismatch only in d-1 conditionals"
funnel,cond_scale,2,0.05,0.9988655696858586,0.0011350742672695,0.9988691558354466,0.9988625408298974,True,6.448272708876663e-05,1.0483253209514489e-05,True,-3.775856904276509e-05,0.0003392148635786,0.31,"cf exact: v-part matches, mismatch only in d-1 conditionals"
funnel,cond_scale,2,0.15,0.9914568913905548,0.008579810141413,0.991458230515488,0.9914781141803544,True,0.0001665540139255,0.0001019608261909,True,-3.4755041253902165e-05,0.0008318327335105,0.36,"cf exact: v-part matches, mismatch only in d-1 conditionals"
funnel,cond_scale,2,0.3,0.9730085108210398,0.0273624498446232,0.9729918330797788,0.9730539569595976,True,0.000280570454505,-0.0001283719378957,True,0.0002524515502061,0.0016249542922724,0.24,"cf exact: v-part matches, mismatch only in d-1 conditionals"
funnel,cond_scale,2,0.5,0.9428090415820636,0.0588915178281916,0.9429138458478146,0.9431681517738796,True,0.0003933198931903,6.723295611088531e-05,True,-0.0001140279657365,0.0025164350919116,0.3,"cf exact: v-part matches, mismatch only in d-1 conditionals"
funnel,v_scale,2,-0.3,0.0,,0.473341491937566,0.4153567782031656,True,inf,0.0008212764797335,True,-0.0013886201959833,0.0113349427955419,0.29,1-dim mismatch (v only): d-independent by construction
funnel,v_scale,2,-0.15,0.9232985511506112,0.0798026394123987,0.9242607508928128,0.9217123199328292,True,inf,0.0002688034608695,True,0.0003197278718073,0.0029944163982324,0.3,1-dim mismatch (v only): d-independent by construction
funnel,v_scale,2,0.15,0.9698113677414488,0.0306536926416498,0.969737748009506,0.9696925352909512,True,0.0002950366040826,-0.000212191420962,True,-6.456384350794764e-06,0.0017449234309352,0.29,1-dim mismatch (v only): d-independent by construction
funnel,v_scale,2,0.3,0.9128549479610364,0.0911782850932904,0.9127712581256292,0.9129896991519492,True,0.0004768556207574,-0.0002998128665598,True,0.0002791902637991,0.003131903996092,0.3,1-dim mismatch (v only): d-independent by construction
funnel,v_scale,2,0.5,0.8314794192830981,0.1845487319686447,0.8314099785660624,0.8314013500046862,True,0.0006548809178953,-1.295522442745778e-05,True,-0.0002655623047512,0.0051125032173744,0.29,1-dim mismatch (v only): d-independent by construction
funnel,gauss_proposal,2,,,,0.0487184044469632,0.0513216014742759,True,inf,-0.0096819433021408,True,-0.0081493455161496,0.0450148709832379,0.59,E[w^2]=inf for ANY Gaussian proposal vs funnel: certificate undefined
gaussian,shift,4,0.02,0.9984012793176064,0.0015999999999999,0.9984015776749732,0.998405196691192,True,8.012817083062222e-05,-1.8667273231187664e-05,True,-2.608589146975149e-05,0.0003667558190466,1.08,
gaussian,shift,4,0.05,0.990049833749168,0.01,0.990043084762079,0.9900485001713067,True,0.000202016767107,3.0098165346714723e-06,True,-5.985786126103676e-06,0.0010080537111127,1.08,
gaussian,shift,4,0.1,0.9607894391523232,0.04,0.9607915004354336,0.96084821766507,True,0.0004165463611554,5.905846533593717e-06,True,0.000591350192699,0.0022865176036943,1.08,
gaussian,shift,4,0.15,0.9139311852712282,0.09,0.9139420596194718,0.9139841209860824,True,0.0006582776120758,-4.310047814293228e-05,True,0.0001784786139842,0.0031178414453362,1.17,
gaussian,shift,4,0.2,0.8521437889662113,0.16,0.8524598061439415,0.8521610666254803,True,0.0009468267419675,-0.0006062585380224,True,-0.0006918505831495,0.0040249325007237,1.12,
gaussian,shift,4,0.3,0.697676326071031,0.36,0.6977089661448317,0.6986995868285529,True,0.0017946297158457,5.006610871483019e-05,True,-0.0007874694358369,0.0064968364911585,1.04,
gaussian,shift,4,0.5,0.3678794411714423,1.0,0.3688868139909012,0.3613500039171337,True,0.0073210757428908,0.0004913578207865,True,0.0015165746618468,0.0138885484084502,1.0,
gaussian,shift,4,0.7,0.140858420921045,1.96,0.1441007018481993,0.1428077119867384,True,0.0503905232541479,0.0017841166426624,True,-0.0028579133602868,0.0277404994935569,1.06,
gaussian,shift,4,1.0,0.0183156388887341,4.0,0.0206532005546038,0.0222274251051129,True,2.98095781931041,-0.0035362354934065,True,-0.0018291861778392,0.0757620532200858,1.0,
gaussian,scale,4,-0.3,0.6663890045814247,0.4058816879933802,0.6723674303576751,0.6665789949543426,True,inf,0.0003941983595261,True,-0.0003828331994778,0.0066630309240937,1.0,
gaussian,scale,4,-0.2,0.8789062499999998,0.1290770422751426,0.8795228947026628,0.8774037793115855,True,0.0014966629547095,-0.0003158403197165,True,0.0001032217036662,0.0038466988168996,1.0,
gaussian,scale,4,-0.1,0.9754610577655848,0.0248450399971141,0.9755764924342912,0.9753452566124236,True,0.0003711842908553,-0.0001879600324805,True,0.0003186865589221,0.0016149447728694,1.0,
gaussian,scale,4,-0.05,0.9944675071554088,0.0055478537654502,0.9944711934859752,0.9944368603590688,True,0.0001586072192556,-1.7563412791687938e-05,True,-6.401903786688478e-05,0.0007484465315736,1.0,
gaussian,scale,4,0.05,0.9954699944981772,0.0045402970690783,0.9954715079850368,0.9954862124365158,True,0.0001293681224688,-4.294465676935033e-05,True,-7.691840436235608e-05,0.0006218714307491,1.08,
gaussian,scale,4,0.1,0.9835393757257016,0.0165976056293904,0.9834979233667358,0.9835843007706304,True,0.0002407471363764,-0.0001365282833276,True,4.0959589648004165e-06,0.0011792917334513,1.03,
gaussian,scale,4,0.2,0.945216049382716,0.0563417539333927,0.9452537151091988,0.945096424803792,True,0.0004309048762147,0.0002299099531377,True,0.0001974784822171,0.0025075791969804,1.02,
gaussian,scale,4,0.3,0.8963271594131859,0.109449799378493,0.8962749665568199,0.8960290172644529,True,0.0005950206607983,-0.0003226543274941,True,0.0002664922885017,0.0035294577085348,1.08,
gaussian,scale,4,0.5,0.7901234567901234,0.2355660713127669,0.7902983357470673,0.7909220304924803,True,0.0008819171036881,0.0006629051600626,True,0.0001696244115678,0.0050119828772366,1.07,
gmm,weight_distort,4,0.1,0.96,0.0408219945202551,0.9600039671375414,0.960003943771137,True,0.0004082482904638,0.0002107358490981,True,0.0001618863643399,0.002036721555778,3.1,semi-cf (well-separated approx)
gmm,weight_distort,4,0.2,0.84,0.1743533871447778,0.8400146593304616,0.840013411402656,True,0.0008728715609439,0.0003564815795584,True,0.0003706693476276,0.0041636986082256,3.1,semi-cf (well-separated approx)
gmm,weight_distort,4,0.3,0.64,0.4462871026284195,0.6400295677420235,0.6400318090254602,True,0.0014999999999999,0.0014314272987157,True,0.0001539716222564,0.0078369670502201,3.0,semi-cf (well-separated approx)
gmm,weight_distort,4,0.4,0.3599999999999999,1.0216512475319817,0.3600455945796299,0.360040664578213,True,0.0026666666666666,-0.0014092545698236,True,-0.0003080894872077,0.0140273994349372,3.03,semi-cf (well-separated approx)
gmm,weight_distort,4,0.45,0.1899999999999999,1.660731206821651,0.1900322315581193,0.1900380613999328,True,0.0041294832096701,-0.0004107510472124,True,-0.0001879252325844,0.02052058552813,3.09,semi-cf (well-separated approx)
gmm,mode_drop,4,,6.415243562194552e-28,62.61370563888011,0.04980285533428734,0.5064740615868514,False,inf,-0.6883414934123344,True,-0.6893566871103487,0.03359488505830776,0.84,BLIND SPOT: E[w]=1 so Zhat unbiased only at astronomical N; at practical N logZ locks onto -ln2 with tiny variance; empirical ESS is seed-lottery (const-weight plateau vs tail spike)
funnel,cond_scale,4,-0.3,0.737557471759389,0.3044112659950351,0.7245635262983995,0.7377126469000687,True,inf,0.0001506888476772,True,-0.0002345419414382,0.0064746254637566,0.8,"cf exact: v-part matches, mismatch only in d-1 conditionals"
funnel,cond_scale,4,-0.15,0.9536527882334264,0.0474556274147738,0.9537853511695704,0.953810856237971,True,0.0005965119837833,-9.412240279438322e-05,True,3.193583019543312e-05,0.0022672999585297,0.82,"cf exact: v-part matches, mismatch only in d-1 conditionals"
funnel,cond_scale,4,-0.05,0.9958477541862808,0.0041608903240876,0.9958595110200322,0.9958561274691018,True,0.0001371439836388,-4.991950917876409e-05,True,9.95574002850219e-06,0.0005518219056067,0.87,"cf exact: v-part matches, mismatch only in d-1 conditionals"
funnel,cond_scale,4,0.05,0.996600568394054,0.0034052228018085,0.996608212510732,0.9966064160444944,True,0.000111919639073,7.246957516748864e-05,True,1.6219466388811551e-06,0.0005671988122533,0.87,"cf exact: v-part matches, mismatch only in d-1 conditionals"
funnel,cond_scale,4,0.15,0.9745890047695436,0.0257394304242393,0.9745581296705894,0.9746879746906648,True,0.0002924903896364,-0.0002998936494105,True,-0.0002186379416979,0.0016327111999876,0.82,"cf exact: v-part matches, mismatch only in d-1 conditionals"
funnel,cond_scale,4,0.3,0.9211914895347124,0.0820873495338697,0.921232788031892,0.9209908131816088,True,0.0005052104137024,0.0001978735276075,True,-3.780031516294358e-05,0.0030207860076318,0.9,"cf exact: v-part matches, mismatch only in d-1 conditionals"
funnel,cond_scale,4,0.5,0.8380524814062786,0.1766745534845751,0.8380402707745751,0.837763781987489,True,0.0007345751954966,-1.4882637877633442e-06,True,0.0006777151415843,0.0045218193108453,0.88,"cf exact: v-part matches, mismatch only in d-1 conditionals"
funnel,v_scale,4,-0.3,0.0,,0.4344606004644753,0.467628007498406,True,inf,0.0005733888044243,True,0.0013286561218203,0.0135636940215636,0.91,1-dim mismatch (v only): d-independent by construction
funnel,v_scale,4,-0.15,0.9232985511506112,0.0798026394123987,0.9241920821872224,0.9224553027930796,True,inf,-0.0001185707931092,True,-0.0002622575098417,0.0028814229509487,0.93,1-dim mismatch (v only): d-independent by construction
funnel,v_scale,4,0.15,0.9698113677414488,0.0306536926416498,0.9699155794841424,0.9698859855861004,True,0.0002950366040826,0.0003739593576561,True,3.471205088921181e-05,0.0019598303590982,0.92,1-dim mismatch (v only): d-independent by construction
funnel,v_scale,4,0.3,0.9128549479610364,0.0911782850932904,0.9129613045955732,0.912616750896716,True,0.0004768556207574,1.2960301978282018e-05,True,-0.0001679933238015,0.0029093620018188,0.99,1-dim mismatch (v only): d-independent by construction
funnel,v_scale,4,0.5,0.8314794192830981,0.1845487319686447,0.8312767888064403,0.8308944576142111,True,0.0006548809178953,-0.000283404663504,True,0.0005672149779985,0.0044810522370602,0.92,1-dim mismatch (v only): d-independent by construction
funnel,gauss_proposal,4,,,,0.0001640241631211,0.0002021761385228,True,inf,-0.0110020043771008,False,-0.1507777625575056,0.4857276618437332,1.0,E[w^2]=inf for ANY Gaussian proposal vs funnel: certificate undefined
gaussian,shift,8,0.02,0.9968051145430328,0.0032,0.996805984280372,0.9968123520474492,True,0.0001135000909545,3.448835449226806e-05,True,6.45733269085369e-05,0.0006105289341431,2.0,
gaussian,shift,8,0.05,0.9801986733067553,0.02,0.980168828948385,0.9801964551175324,True,0.0002885949889983,-7.89621754648806e-06,True,-9.919646430962104e-05,0.0014726751120859,2.0,
gaussian,shift,8,0.1,0.9231163463866358,0.08,0.9233182256208696,0.922947110407856,True,0.0006141072905738,-0.000428013567209,True,-0.0001627838888305,0.0028278043216872,2.01,
gaussian,shift,8,0.15,0.835270211411272,0.18,0.8358853560606371,0.8345499503105769,True,0.0010268559833997,-0.0004295772003199,True,-0.000408023104966,0.0042617579876717,1.84,
gaussian,shift,8,0.2,0.7261490370736908,0.3200000000000001,0.7248739372187424,0.7256827168381619,True,0.0016114092359079,0.0012201370479303,True,-9.856520178736616e-05,0.0065770747441708,1.93,
gaussian,shift,8,0.3,0.4867522559599717,0.72,0.4860624902305598,0.4850321808442239,True,0.0041005210863513,-0.0017538659938711,True,-0.000853903638596,0.0101649216455446,2.0,
gaussian,shift,8,0.5,0.1353352832366127,2.0,0.1308970524708501,0.135814767867045,True,0.0545889914455444,0.0004414896031796,True,-0.0031616009001188,0.0242775137772132,1.92,
gaussian,shift,8,0.7,0.0198410947443702,3.92,0.0217328010257402,0.0233616310171346,False,2.540204636992298,0.0027341638315121,True,-0.0098823218153118,0.0623553113419969,1.91,
gaussian,shift,8,1.0,0.0003354626279025,8.0,0.0023234330695415,0.0007270043129359,False,8886.110520507817,-0.0522422342021346,False,-0.0685108484970794,0.2044575122999194,1.83,
gaussian,scale,8,-0.3,0.444074305427022,0.8117633759867605,0.4526611029954945,0.4507771761159573,True,inf,-0.0005305511117832,True,-0.0005887042451512,0.0109820690821375,1.91,
gaussian,scale,8,-0.2,0.7724761962890621,0.2581540845502852,0.7707382485809132,0.7713460670644089,True,0.0030818176454813,0.0009619713053208,True,0.0009482084211083,0.0060211510980599,1.91,
gaussian,scale,8,-0.1,0.951524275217153,0.0496900799942286,0.9514642511213924,0.9515059359078988,True,0.0005427138026666,5.558410530248637e-05,True,0.0002184931138693,0.0022230441062444,1.91,
gaussian,scale,8,-0.05,0.988965622787893,0.0110957075309005,0.9889530139401466,0.9889415279103642,True,0.0002257107372591,0.0001851765464948,True,-0.0001695832458742,0.0011788688523191,1.9,
gaussian,scale,8,0.05,0.9909605099462008,0.0090805941381566,0.99097128368698,0.990982110826678,True,0.0001837180438534,0.0001321988368161,True,-1.6864766732282987e-06,0.0009977774391762,1.86,
gaussian,scale,8,0.1,0.9673497036029024,0.0331952112587812,0.9672603154068734,0.9673861484804768,True,0.0003453659426159,-4.6896402187357467e-05,True,-0.0003017047069646,0.00177590725614,1.9,
gaussian,scale,8,0.2,0.8934333800106693,0.112683507866785,0.8934120070556584,0.8935867870433227,True,0.0006370515837175,-0.0001079272109123,True,-0.0001127397261765,0.0032329420701483,1.89,
gaussian,scale,8,0.3,0.8034023767017106,0.2188995987569862,0.8035350517932713,0.8027926047777498,True,0.0009129349831453,-0.000335840855854,True,-0.0001200071168105,0.0051567867525613,1.88,
gaussian,scale,8,0.5,0.6242950769699741,0.4711321426255337,0.6234733999445456,0.6244135900301685,True,0.0014698618394803,-0.0007793885370013,True,0.0003925538864889,0.0070602763772561,1.98,
gmm,weight_distort,8,0.1,0.96,0.0408219945202551,0.9600038435956048,0.9600035873441036,True,0.0004082482904638,-4.8655552538079405e-05,True,2.9844021835589984e-05,0.0020484161590213,4.4,semi-cf (well-separated approx)
gmm,weight_distort,8,0.2,0.84,0.1743533871447778,0.8400143584642643,0.8400144132783134,True,0.0008728715609439,0.0004407118219358,True,0.0007978409243358,0.0040291705268107,4.59,semi-cf (well-separated approx)
gmm,weight_distort,8,0.3,0.64,0.4462871026284195,0.6400311064565997,0.6400273302969028,True,0.0014999999999999,0.0001567089885146,True,-0.0012331663876884,0.0070195827588884,4.29,semi-cf (well-separated approx)
gmm,weight_distort,8,0.4,0.3599999999999999,1.0216512475319817,0.3600359665707442,0.3600413828472538,True,0.0026666666666666,-0.0006925314064964,True,-0.0002317793812552,0.0132632295479287,4.39,semi-cf (well-separated approx)
gmm,weight_distort,8,0.45,0.1899999999999999,1.660731206821651,0.1900367357852999,0.1900293082289374,True,0.0041294832096701,-3.050100857215909e-05,True,0.0010594894256198,0.0194448009429233,4.23,semi-cf (well-separated approx)
gmm,mode_drop,8,,6.415243562194552e-28,62.61370563888011,0.682035481482238,0.9913269097112349,True,inf,-0.6920573700979205,True,-0.6920209402456018,0.004274230668320398,1.21,BLIND SPOT: E[w]=1 so Zhat unbiased only at astronomical N; at practical N logZ locks onto -ln2 with tiny variance; empirical ESS is seed-lottery (const-weight plateau vs tail spike)
funnel,cond_scale,8,-0.3,0.4915001894273314,0.7102929539884154,0.4909544526274264,0.5144820500044299,True,inf,-0.0008019842809883,True,0.0012555558411088,0.010649110705378,1.6,"cf exact: v-part matches, mismatch only in d-1 conditionals"
funnel,cond_scale,8,-0.15,0.8951805964667642,0.110729797301139,0.8951964964705362,0.8951405908195991,True,0.0010171466028982,0.0003657121562881,True,0.0002334516872662,0.0033594225027264,1.61,"cf exact: v-part matches, mismatch only in d-1 conditionals"
funnel,cond_scale,8,-0.05,0.9903382336119432,0.0097087440895379,0.9903421605133688,0.9903094328691274,True,0.0002108029242642,9.065836322008636e-05,True,1.9380792801211295e-05,0.0009995673022545,1.62,"cf exact: v-part matches, mismatch only in d-1 conditionals"
funnel,cond_scale,8,0.05,0.9920859623361092,0.007945519870887,0.9920774035560876,0.9921112415266334,True,0.0001716733914822,-0.0001575605306953,True,5.145319915591529e-05,0.0009568625892671,1.6,"cf exact: v-part matches, mismatch only in d-1 conditionals"
funnel,cond_scale,8,0.15,0.941709280947698,0.0600586709898915,0.9415470478727576,0.9417047868449828,True,0.0004594668907734,-0.0003359070129125,True,-0.0002207663682072,0.0025845018109842,1.61,"cf exact: v-part matches, mismatch only in d-1 conditionals"
funnel,cond_scale,8,0.3,0.82568895109025,0.191537148912363,0.8257397244753402,0.8254864869507035,True,0.0008364531680174,-0.0003951288700534,True,-1.0190743276421443e-05,0.0046171097182885,1.51,"cf exact: v-part matches, mismatch only in d-1 conditionals"
funnel,cond_scale,8,0.5,0.6621649235802695,0.4122406247973421,0.6615608136602261,0.66133643027783,True,0.0013179787338287,-0.0009486962718661,True,-0.0008241113852193,0.0073781573023713,1.43,"cf exact: v-part matches, mismatch only in d-1 conditionals"
funnel,v_scale,8,-0.3,0.0,,0.4029361309625174,0.4667596957812736,True,inf,0.0014262305399981,True,0.0012791011835789,0.0115579117878425,1.48,1-dim mismatch (v only): d-independent by construction
funnel,v_scale,8,-0.15,0.9232985511506112,0.0798026394123987,0.9226005690654806,0.9263249461237746,True,inf,-0.0001739232731203,True,0.0001807753018838,0.0027243676004472,1.48,1-dim mismatch (v only): d-independent by construction
funnel,v_scale,8,0.15,0.9698113677414488,0.0306536926416498,0.9697574401107136,0.9696534139453752,True,0.0002950366040826,-7.270529211034216e-05,True,-2.1219113553403447e-05,0.0017387320918984,1.48,1-dim mismatch (v only): d-independent by construction
funnel,v_scale,8,0.3,0.9128549479610364,0.0911782850932904,0.9127500967776196,0.9125269584032044,True,0.0004768556207574,-0.0003262102464152,True,0.0001998846298514,0.0029761040827479,1.5,1-dim mismatch (v only): d-independent by construction
funnel,v_scale,8,0.5,0.8314794192830981,0.1845487319686447,0.8317358473682356,0.8317438950934958,True,0.0006548809178953,0.0004598568406262,True,-3.833669736154732e-05,0.0048629606775919,1.52,1-dim mismatch (v only): d-independent by construction
funnel,gauss_proposal,8,,,,4.0904607734537696e-05,8.002326431686267e-05,False,inf,-0.5793664985396969,False,-0.9788505917295816,0.6343479813674621,1.39,E[w^2]=inf for ANY Gaussian proposal vs funnel: certificate undefined
gaussian,shift,16,0.02,0.993620436379149,0.0064,0.9936149260674956,0.993626642242084,True,0.0001610294823638,-4.5762639619084666e-05,True,-2.7122238223142858e-05,0.0008850591526704,3.2,
gaussian,shift,16,0.05,0.9607894391523232,0.04,0.9607447708921918,0.9607050574282542,True,0.0004165463611554,6.329531390214527e-05,True,0.0002616063696266,0.002022076378064,3.21,
gaussian,shift,16,0.1,0.8521437889662113,0.16,0.852437241477081,0.8522574407820082,True,0.0009468267419675,0.0001719899829826,True,0.0002468626881907,0.0041060271223411,3.22,
gaussian,shift,16,0.15,0.697676326071031,0.36,0.6980808328469441,0.6968371086413555,True,0.0017946297158457,-0.000103306900792,True,0.0002061776076182,0.0062092980343726,3.21,
gaussian,shift,16,0.2,0.5272924240430485,0.64,0.5280847167726985,0.5264804078038258,True,0.0034548252221412,-0.001104119547346,True,-0.0002394810769481,0.0094673280447708,3.21,
gaussian,shift,16,0.3,0.2369277586821217,1.44,0.2334019170213523,0.2435956957702687,True,0.0177861836524266,0.0024937225525771,True,-0.0002529472252486,0.0183762367326288,3.37,
gaussian,shift,16,0.5,0.0183156388887341,4.0,0.0243446855664147,0.0230984238799571,True,2.98095781931041,-0.0130381938970511,True,-0.0085312154684408,0.0697082631283139,3.11,
gaussian,shift,16,0.7,0.000393669040655,7.839999999999999,0.001586820682781,0.0012740428358199,True,6452.640597797095,-0.0476682686461362,True,-0.0668246855518061,0.2241521949891764,3.19,
gaussian,shift,16,1.0,1.1253517471925913e-07,16.0,8.20959869751289e-05,0.0001361288371882,False,inf,-0.1877452432503545,False,-0.4753668242704089,0.624120108034691,3.29,
gaussian,scale,16,-0.3,0.197201988740492,1.6235267519735208,0.1879331979886955,0.1939468767894695,True,inf,0.0016002673335915,True,0.0015414737010646,0.0215659884591646,3.17,
gaussian,scale,16,-0.2,0.5967194738332176,0.5163081691005705,0.5916823044268666,0.5975391490446393,True,0.0104498615186996,0.0002208220158657,True,-0.0008506011595585,0.007577890130712,3.3,
gaussian,scale,16,-0.1,0.9053984463275284,0.099380159988457,0.9057035446601538,0.9059509067415938,True,0.0008220883995349,-0.0004584843069785,True,-0.0002574661463168,0.0034951208695248,3.27,
gaussian,scale,16,-0.05,0.9780530030562452,0.0221914150618009,0.9781233836247678,0.9780688453531008,True,0.0003232430992015,-7.090556555944261e-05,True,0.0002852001371251,0.00150382508998,3.4,
gaussian,scale,16,0.05,0.9820027322728349,0.018161188276313,0.9819742052440492,0.9819562364208154,True,0.0002619997296861,1.7816789219082807e-05,True,-0.0001689001043301,0.001243044044963,3.4,
gaussian,scale,16,0.1,0.9357654490606232,0.0663904225175623,0.9358457172445596,0.9358082172711664,True,0.0005027747235957,0.0002059827859692,True,8.867930249037315e-05,0.0027326283997369,3.39,
gaussian,scale,16,0.2,0.7982232045172888,0.2253670157335704,0.7977892065033287,0.7980262098286377,True,0.0009881150038577,-0.0003266824702414,True,-0.0004370173940042,0.0051268405195081,3.38,
gaussian,scale,16,0.3,0.6454553788899573,0.4377991975139724,0.6458748853751626,0.6455604268930504,True,0.001536730276231,0.000390535438683,True,0.0004019845561324,0.0077663489057636,3.38,
gaussian,scale,16,0.5,0.3897443431289458,0.9422642852510676,0.3884170736533753,0.3898779068214809,True,0.0029981196159459,0.0015755531575898,True,0.0007451616296408,0.0118672546765266,3.26,
gmm,weight_distort,16,0.1,0.96,0.0408219945202551,0.960003383002066,0.9600042956297375,True,0.0004082482904638,-0.0001818431232276,True,3.696410552317175e-05,0.002128353540036,6.54,semi-cf (well-separated approx)
gmm,weight_distort,16,0.2,0.84,0.1743533871447778,0.840012592869895,0.8400158642258913,True,0.0008728715609439,-8.299167182990175e-05,True,-0.0005642193518175,0.0046251539745392,6.59,semi-cf (well-separated approx)
gmm,weight_distort,16,0.3,0.64,0.4462871026284195,0.6400328066467705,0.6400276592404611,True,0.0014999999999999,0.0005318566571279,True,0.0006646890411815,0.008912609709639,6.32,semi-cf (well-separated approx)
gmm,weight_distort,16,0.4,0.3599999999999999,1.0216512475319817,0.3600371406668508,0.3600379614562712,True,0.0026666666666666,-0.0005590539694342,True,-0.0024597353380537,0.0123741399533022,6.3,semi-cf (well-separated approx)
gmm,weight_distort,16,0.45,0.1899999999999999,1.660731206821651,0.1900364800886416,0.1900350522313268,True,0.0041294832096701,0.0021217079857311,True,0.0018560522892385,0.0204552005629744,6.4,semi-cf (well-separated approx)
gmm,mode_drop,16,,6.415243562194552e-28,62.61370563888011,5.572642764587185e-06,0.9733136943887871,True,inf,-0.14175935409053686,True,-0.6927964029080996,0.0010156793631840328,1.89,BLIND SPOT: E[w]=1 so Zhat unbiased only at astronomical N; at practical N logZ locks onto -ln2 with tiny variance; empirical ESS is seed-lottery (const-weight plateau vs tail spike)
funnel,cond_scale,16,-0.3,0.2182626052371919,1.522056329975176,0.2298318854245031,0.2426271518005556,True,inf,-0.0009708489317254,True,-0.0030654983946408,0.0185456828936894,2.49,"cf exact: v-part matches, mismatch only in d-1 conditionals"
funnel,cond_scale,16,-0.15,0.7887718708048974,0.2372781370738692,0.7880879273671743,0.7886911527578465,True,0.0018925213003569,0.0011392500002322,True,-3.37946209465656e-05,0.0049159322517954,2.48,"cf exact: v-part matches, mismatch only in d-1 conditionals"
funnel,cond_scale,16,-0.05,0.9794104679746972,0.0208044516204383,0.9794200529050756,0.9794631057555144,True,0.0003124853791746,-0.0001517736759915,True,0.000298962278283,0.0014107864093279,2.32,"cf exact: v-part matches, mismatch only in d-1 conditionals"
funnel,cond_scale,16,0.05,0.983118011147058,0.0170261140090437,0.98314592174515,0.983131449255086,True,0.0002534143109997,6.827053405800143e-05,True,1.418018676702104e-05,0.001181350484371,2.61,"cf exact: v-part matches, mismatch only in d-1 conditionals"
funnel,cond_scale,16,0.15,0.879240201258998,0.1286971521211962,0.8792641379536639,0.8796301318660829,True,0.0007123735171952,-0.0003401565705729,True,0.0001548262388692,0.003600509609329,2.52,"cf exact: v-part matches, mismatch only in d-1 conditionals"
funnel,cond_scale,16,0.3,0.6633604657222494,0.4104367476693492,0.6631377579357679,0.6637180029637814,True,0.0014547270977454,-0.0008184816275225,True,0.0004843876842254,0.006911900361544,2.51,"cf exact: v-part matches, mismatch only in d-1 conditionals"
funnel,cond_scale,16,0.5,0.4133863019333613,0.8833727674228758,0.4131851035719663,0.4125469303631582,True,0.002765951253695,-0.0012073474787968,True,-0.0007451230224271,0.0113978430892935,2.09,"cf exact: v-part matches, mismatch only in d-1 conditionals"
funnel,v_scale,16,-0.3,0.0,,0.3878962909020595,0.4811963831218174,True,inf,-0.0009713802433015,True,-0.0002731828112171,0.0091599936961889,2.49,1-dim mismatch (v only): d-independent by construction
funnel,v_scale,16,-0.15,0.9232985511506112,0.0798026394123987,0.9245799521865397,0.9206802668919312,True,inf,7.499309015912559e-05,True,-0.0001382907123193,0.0024862999381765,2.52,1-dim mismatch (v only): d-independent by construction
funnel,v_scale,16,0.15,0.9698113677414488,0.0306536926416498,0.9698988291575894,0.9698395537261056,True,0.0002950366040826,0.0001138249428862,True,-5.847106767442157e-05,0.0016695777238221,2.52,1-dim mismatch (v only): d-independent by construction
funnel,v_scale,16,0.3,0.9128549479610364,0.0911782850932904,0.9133020224865316,0.9132143488552434,True,0.0004768556207574,0.0004725854782918,True,0.0001566529022544,0.0032826459679121,2.58,1-dim mismatch (v only): d-independent by construction
funnel,v_scale,16,0.5,0.8314794192830981,0.1845487319686447,0.8314662958784265,0.8305237953152407,True,0.0006548809178953,-0.0001390601224784,True,3.236661933105012e-05,0.0046142693836663,2.67,1-dim mismatch (v only): d-independent by construction
funnel,gauss_proposal,16,,,,2.472355117166972e-05,3.721803053215868e-05,True,inf,-1.457386217176584,True,-1.775802106022712,0.4439978105434193,2.7,E[w^2]=inf for ANY Gaussian proposal vs funnel: certificate undefined
gaussian,shift,32,0.02,0.9872815715902904,0.0128,0.9872497997133324,0.9872589500147008,True,0.0002292016119265,-2.5650855729253408e-05,True,-0.0002340521296079,0.0011210429138615,6.49,
gaussian,shift,32,0.05,0.9231163463866358,0.08,0.9232505093089834,0.923355040781815,True,0.0006141072905738,0.0001249221365196,True,0.0001543255616083,0.0026497037574071,6.42,
gaussian,shift,32,0.1,0.7261490370736908,0.3200000000000001,0.7261449430096467,0.7260793905300366,True,0.0016114092359079,-0.0003335122077601,True,-1.7232792037304988e-05,0.0060794142188463,6.58,
gaussian,shift,32,0.15,0.4867522559599717,0.72,0.4906954048209354,0.4890766709226476,True,0.0041005210863513,-0.0011354235624345,True,-0.000828070691064,0.0102547263077208,6.43,
gaussian,shift,32,0.2,0.2780373004531941,1.2800000000000002,0.2756677257227137,0.2769107273075435,True,0.0128971070252636,-9.643542025727923e-05,True,-0.0029488617675053,0.0172541475504632,6.52,
gaussian,shift,32,0.3,0.0561347628341337,2.88,0.0605180488156549,0.053857946966381,True,0.31734675335814,0.0050837991642485,True,-5.377884843227321e-07,0.0436662089425029,6.4,
gaussian,shift,32,0.5,0.0003354626279025,8.0,0.0004813394516626,9.404380979991584e-05,False,8886.110520507817,0.0515569846042947,False,-0.0665338504899807,0.2926508122206219,6.52,
gaussian,shift,32,0.7,1.5497531357028997e-07,15.679999999999998,0.0001045967091162,0.0003059377859647,False,inf,-0.0731321705033245,True,-0.399097906411853,0.6719901038361468,6.29,
gaussian,shift,32,1.0,1.2664165549094176e-14,32.0,1.558388403076905e-05,2.557791194003962e-05,False,inf,-1.998126457684588,False,-2.630356786675431,1.3033710505441836,6.6,
gaussian,scale,32,-0.3,0.0388886243632051,3.247053503947042,0.0612612990165448,0.0363754137451236,False,inf,-0.0058611593082975,True,-0.0136193764631777,0.0409165551378,6.61,
gaussian,scale,32,-0.2,0.3560741304517919,1.0326163382011413,0.3539898759079508,0.3694809862238198,True,0.1101950684452776,1.0820836763514308e-05,True,-2.724389926020976e-05,0.0126601073496253,6.62,
gaussian,scale,32,-0.1,0.8197463466123023,0.1987603199769143,0.8196458593695142,0.8202564959104326,True,0.001344769112367,-0.0004994260642234,True,-0.0005044208479671,0.0048625188407465,6.68,
gaussian,scale,32,-0.05,0.9565876767873396,0.0443828301236019,0.956796021505992,0.9566733204896212,True,0.0004689238186559,-0.0003716694303008,True,-0.0001695370026788,0.0022339981495848,6.6,
gaussian,scale,32,0.05,0.9643293661913124,0.0363223765526264,0.9643405009272664,0.9644079808709148,True,0.0003768284702634,-0.0001641257013034,True,0.0002125056546724,0.0019359157719752,6.38,
gaussian,scale,32,0.1,0.8756569756556298,0.1327808450351246,0.8758114947008625,0.8757160104267795,True,0.0007546282519181,-0.000608465610048,True,0.0008444803924493,0.0032761643791929,6.49,
gaussian,scale,32,0.2,0.6371602842298493,0.4507340314671411,0.6369811155800503,0.6365712250652468,True,0.0017047121049342,0.0003242857016463,True,0.0001361059842453,0.0071464539089322,6.49,
gaussian,scale,32,0.3,0.4166126461379782,0.875598395027945,0.4163500575324205,0.4181565071954286,True,0.003209353639113,-4.714762587276766e-05,True,-0.0005857033321049,0.0122663295312626,6.79,
gaussian,scale,32,0.5,0.1519006530010135,1.8845285705021355,0.1529910596765591,0.1531605611553727,True,0.0099385387175887,0.0018039204698041,True,0.0003537635516712,0.0245708791886937,6.89,
gmm,weight_distort,32,0.1,0.96,0.0408219945202551,0.9600032498753536,0.9600039785910216,True,0.0004082482904638,0.0001308712778698,True,-3.51311377992225e-05,0.0019324036819346,12.66,semi-cf (well-separated approx)
gmm,weight_distort,32,0.2,0.84,0.1743533871447778,0.8400146586385294,0.8400124084955025,True,0.0008728715609439,0.0004255255228304,True,0.0002180868182305,0.0045454539063487,13.28,semi-cf (well-separated approx)
gmm,weight_distort,32,0.3,0.64,0.4462871026284195,0.6400288240086711,0.6400290566230983,True,0.0014999999999999,-0.0011798255532582,True,0.0006835687049489,0.007404706158169,12.7,semi-cf (well-separated approx)
gmm,weight_distort,32,0.4,0.3599999999999999,1.0216512475319817,0.3600344639420789,0.3600368173686522,True,0.0026666666666666,-0.0002456846525493,True,-0.0019511592346803,0.0138893981741747,13.79,semi-cf (well-separated approx)
gmm,weight_distort,32,0.45,0.1899999999999999,1.660731206821651,0.1900369084194554,0.1900379257106074,True,0.0041294832096701,-0.0005673897964832,True,-0.0040411639231289,0.0217829033830164,12.7,semi-cf (well-separated approx)
gmm,mode_drop,32,,6.415243562194552e-28,62.61370563888011,0.88011547361307,0.9878162004371982,False,inf,-0.6922228538381461,True,-0.6720345942454214,0.20400690417709438,3.78,BLIND SPOT: E[w]=1 so Zhat unbiased only at astronomical N; at practical N logZ locks onto -ln2 with tiny variance; empirical ESS is seed-lottery (const-weight plateau vs tail spike)
funnel,cond_scale,32,-0.3,0.0430418198204551,3.145583081948697,0.0384191180943279,0.0594071983388682,False,inf,5.615826926330669e-05,True,0.0053511636502596,0.0408677594518659,4.71,"cf exact: v-part matches, mismatch only in d-1 conditionals"
funnel,cond_scale,32,-0.15,0.6123968146582344,0.4903748166193297,0.6157968023485674,0.60550641067868,True,0.0047152113838979,-0.0012297774840508,True,0.0002742168156349,0.0079166391224492,4.9,"cf exact: v-part matches, mismatch only in d-1 conditionals"
funnel,cond_scale,32,-0.05,0.9579153494273752,0.0429958666822392,0.9578043708142074,0.9578515022568832,True,0.0004607992832291,0.0002483655923448,True,0.0003982642325975,0.0020163915459998,4.91,"cf exact: v-part matches, mismatch only in d-1 conditionals"
funnel,cond_scale,32,0.05,0.9654245730930462,0.0351873022853568,0.9654630565300012,0.9653957377032976,True,0.0003705008751403,-0.0001562602072304,True,-0.0001597813980643,0.0018424136604218,4.88,"cf exact: v-part matches, mismatch only in d-1 conditionals"
funnel,cond_scale,32,0.15,0.7664589675068945,0.2659741143838053,0.7666718188351324,0.766858139091887,True,0.0011556484001844,0.0003306878936868,True,-0.0005263302276358,0.0052083988172711,4.91,"cf exact: v-part matches, mismatch only in d-1 conditionals"
funnel,cond_scale,32,0.3,0.428169580743373,0.8482359451833216,0.4282931938892525,0.4285296506594505,True,0.0030782031667329,-0.0019990701828813,True,-0.000516158832271,0.011610352879988,5.0,"cf exact: v-part matches, mismatch only in d-1 conditionals"
funnel,cond_scale,32,0.5,0.161114972705522,1.8256370526739436,0.1606879919394235,0.1622254291335039,True,0.0092416068162155,0.0017346073951305,True,-0.0037544578888748,0.0241971280009058,5.0,"cf exact: v-part matches, mismatch only in d-1 conditionals"
funnel,v_scale,32,-0.3,0.0,,0.4649026817571789,0.4023918350312187,True,inf,0.0005399674337471,True,-0.0003664376143814,0.0097087963486092,4.98,1-dim mismatch (v only): d-independent by construction
funnel,v_scale,32,-0.15,0.9232985511506112,0.0798026394123987,0.9242806863733434,0.9238284744994418,True,inf,-0.0004063955475359,True,0.0001805214445048,0.0032274915280055,5.19,1-dim mismatch (v only): d-independent by construction
funnel,v_scale,32,0.15,0.9698113677414488,0.0306536926416498,0.9698844302153246,0.9696271249064812,True,0.0002950366040826,0.0002138946974863,True,-0.0001472599400079,0.0016943465942117,5.04,1-dim mismatch (v only): d-independent by construction
funnel,v_scale,32,0.3,0.9128549479610364,0.0911782850932904,0.913022526857554,0.9124766308905832,True,0.0004768556207574,0.0004722866359081,True,0.0002701765529605,0.0033558885923638,5.2,1-dim mismatch (v only): d-independent by construction
funnel,v_scale,32,0.5,0.8314794192830981,0.1845487319686447,0.8312796122795448,0.8315407503460697,True,0.0006548809178953,-0.0001246177504388,True,9.54983932707698e-05,0.003987317709731,5.1,1-dim mismatch (v only): d-independent by construction
funnel,gauss_proposal,32,,,,1.2467914247968727e-05,8.300226701030646e-05,False,inf,-1.7717229317805128,False,-2.311050594432177,0.4251189463712529,5.39,E[w^2]=inf for ANY Gaussian proposal vs funnel: certificate undefined
gaussian,shift,64,0.02,0.974724901601794,0.0256,0.9746977155783172,0.9747583535853178,True,0.0003283694774474,0.0001532555065004,True,6.674007692273775e-05,0.0016134904759718,15.32,
gaussian,shift,64,0.05,0.8521437889662113,0.16,0.8522745818184327,0.8524709539168275,True,0.0009468267419675,-0.0006716628104523,True,0.0005837759778945,0.0045015416061405,16.08,
gaussian,shift,64,0.1,0.5272924240430485,0.64,0.5283738135930179,0.5276320325165689,True,0.0034548252221412,-0.0001066851813558,True,-0.0007350422785062,0.0092126312529226,16.28,
gaussian,shift,64,0.15,0.2369277586821217,1.44,0.2398294677853761,0.238062441804577,True,0.0177861836524266,0.0025491089446791,True,-7.218689670720479e-05,0.0167441541528069,16.31,
gaussian,shift,64,0.2,0.0773047404432997,2.5600000000000005,0.0806185507166682,0.0781062584576619,True,0.1673323815829786,0.0003110313588798,True,0.0056296465628324,0.0371095410937826,16.99,
gaussian,shift,64,0.3,0.0031511115984444,5.76,0.0069812843164906,0.0065850334159475,False,100.70996186198744,-0.0045053027399131,True,-0.0175696442156774,0.1239624600844414,16.01,
gaussian,shift,64,0.5,1.1253517471925913e-07,16.0,0.0001189956465447,5.59440067526643e-05,False,inf,-0.2498545249646255,False,-0.3870629239048515,0.6063119292068044,16.6,
gaussian,shift,64,0.7,2.4017347816209693e-14,31.36,1.3977844029415635e-05,1.1435768202574108e-05,False,inf,-1.5611151233635976,False,-2.4028111552353377,1.300941955280128,16.48,
gaussian,shift,64,1.0,1.603810890548638e-28,64.0,1.2705089604391487e-06,5.209292439535776e-06,False,inf,-3.5363805446840537,False,-9.848162379071804,2.219856439787013,16.42,
gaussian,scale,64,-0.3,0.0015123251048624,6.494107007894084,0.0091287163901769,0.006897279928834,False,inf,-0.0036638131343771,True,-0.0259481321744528,0.1214733296269912,16.42,
gaussian,scale,64,-0.2,0.1267887863769997,2.065232676402282,0.1434585328152934,0.0628405777077413,False,12.14395306848668,-0.0073501907680899,True,0.0025319911698617,0.0269351555938404,16.57,
gaussian,scale,64,-0.1,0.6719840727842169,0.3975206399538286,0.6712622839621843,0.6720441315553866,True,0.0026243347411992,0.0004709414044956,True,-0.0005395065065916,0.0069635279221104,16.21,
gaussian,scale,64,-0.05,0.9150599833813996,0.0887656602472037,0.914987109979335,0.9150943760197024,True,0.0006986633728734,0.0002093090182633,True,-0.0001559721326711,0.003493139067216,25.31,
gaussian,scale,64,0.05,0.9299311264989384,0.0726447531052528,0.9298490319255256,0.9299579113090224,True,0.0005515100231787,-9.9448441693184e-05,True,0.000421538318481,0.0029906233003359,26.21,
gaussian,scale,64,0.1,0.7667751390143642,0.2655616900702494,0.7668011646047227,0.7660311463895932,True,0.001209634909836,-0.0002597740056575,True,0.0003547319258235,0.005666693453346,25.74,
gaussian,scale,64,0.2,0.4059732277998624,0.901468062934282,0.4064465078369195,0.4049228424792706,True,0.0037758674150108,-0.0009311073469895,True,0.0007423700674686,0.0119710667586821,25.79,
gaussian,scale,64,0.3,0.1735660969220883,1.75119679005589,0.1742611914989949,0.1740785396257607,True,0.0112556158272437,-0.0043741903540936,True,0.0012266307765086,0.0222921892226761,25.77,
gaussian,scale,64,0.5,0.0230738083821343,3.769057141004271,0.0224857303045341,0.0257538381922343,True,0.0997695404172761,-0.0017421456903079,True,-0.0007797220419104,0.0617780435078698,26.62,
gmm,weight_distort,64,0.1,0.96,0.0408219945202551,0.960003287156882,0.9600035702308408,True,0.0004082482904638,-1.7903014500220138e-05,True,8.619154962596909e-05,0.002181201003638,34.68,semi-cf (well-separated approx)
gmm,weight_distort,64,0.2,0.84,0.1743533871447778,0.8400149002356082,0.8400148826124108,True,0.0008728715609439,-2.5620517851265845e-05,True,0.0001572800233908,0.0043736855748793,33.59,semi-cf (well-separated approx)
gmm,weight_distort,64,0.3,0.64,0.4462871026284195,0.6400300469802329,0.6400297425944231,True,0.0014999999999999,-0.000685834489591,True,0.0006888326215683,0.0081019838341942,33.49,semi-cf (well-separated approx)
gmm,weight_distort,64,0.4,0.3599999999999999,1.0216512475319817,0.3600390387357204,0.3600423382593444,True,0.0026666666666666,0.0008584317235893,True,-0.0008951802300808,0.0108703263876175,33.71,semi-cf (well-separated approx)
gmm,weight_distort,64,0.45,0.1899999999999999,1.660731206821651,0.190027153962267,0.190040165264986,True,0.0041294832096701,-1.125180248529034e-05,True,0.0026239101678394,0.0195398956857125,35.39,semi-cf (well-separated approx)
gmm,mode_drop,64,,6.415243562194552e-28,62.61370563888011,0.00029490687656477156,0.13993978206021263,False,inf,-0.6306202970555255,True,-0.692517112746478,0.0025153851028222795,8.98,BLIND SPOT: E[w]=1 so Zhat unbiased only at astronomical N; at practical N logZ locks onto -ln2 with tiny variance; empirical ESS is seed-lottery (const-weight plateau vs tail spike)
funnel,cond_scale,64,-0.3,0.0016738371629064,6.392636585895739,0.0096926013237626,0.0046883371604985,False,inf,-0.0217626617308841,True,-0.023625056786457,0.0915595913013041,12.08,"cf exact: v-part matches, mismatch only in d-1 conditionals"
funnel,cond_scale,64,-0.15,0.3691441075886097,0.9965681757102508,0.3767765518018702,0.3606310316042326,True,0.0244219098277999,-0.0008138591717532,True,-0.0003554588097608,0.0129026717621147,13.01,"cf exact: v-part matches, mismatch only in d-1 conditionals"
funnel,cond_scale,64,-0.05,0.9163300186676652,0.0873786968058411,0.9163007986674352,0.9158498553200268,True,0.0006920375637233,0.0001793915564238,True,-0.0005621775258068,0.0031247069369249,12.89,"cf exact: v-part matches, mismatch only in d-1 conditionals"
funnel,cond_scale,64,0.05,0.9309872666763356,0.0715096788379831,0.931153008686963,0.9310054007828126,True,0.0005465921883221,-0.0003330567552914,True,0.0002099185415384,0.0027876449062462,12.94,"cf exact: v-part matches, mismatch only in d-1 conditionals"
funnel,cond_scale,64,0.15,0.5824406198506895,0.5405280389090239,0.5825918509364044,0.5835292560194699,True,0.0021461552952142,-3.758721287994149e-05,True,0.0006325378730122,0.0085152922770083,12.54,"cf exact: v-part matches, mismatch only in d-1 conditionals"
funnel,cond_scale,64,0.3,0.1783808620292853,1.7238343402112668,0.1791328259537053,0.1823904001155462,True,0.0108337789771884,-0.0016666515510017,True,-0.0004895033867087,0.0236007974478614,12.59,"cf exact: v-part matches, mismatch only in d-1 conditionals"
funnel,cond_scale,64,0.5,0.0244734695622092,3.710165623176079,0.0231453021507047,0.0247522655801707,True,0.0928452976117951,0.0058450067162478,True,-0.0106624047422334,0.0561614200220458,10.7,"cf exact: v-part matches, mismatch only in d-1 conditionals"
funnel,v_scale,64,-0.3,0.0,,0.4975684021124328,0.4884102147216975,False,inf,-0.0025262205051816,True,0.0003034646748688,0.0108780221765608,8.93,1-dim mismatch (v only): d-independent by construction
funnel,v_scale,64,-0.15,0.9232985511506112,0.0798026394123987,0.9222185727461636,0.924113440331119,True,inf,-1.829214501825049e-05,True,-7.473163891772217e-05,0.0031824084903817,8.81,1-dim mismatch (v only): d-independent by construction
funnel,v_scale,64,0.15,0.9698113677414488,0.0306536926416498,0.9697346078603198,0.9700774994894285,True,0.0002950366040826,-0.0001383209662577,True,0.0001575896467358,0.0018095992948702,8.55,1-dim mismatch (v only): d-independent by construction
funnel,v_scale,64,0.3,0.9128549479610364,0.0911782850932904,0.912790067536032,0.9129069988729108,True,0.0004768556207574,-0.0001437011055358,True,0.0001072812540093,0.0031292506174523,8.82,1-dim mismatch (v only): d-independent by construction
funnel,v_scale,64,0.5,0.8314794192830981,0.1845487319686447,0.8315214455063784,0.8316080519228694,True,0.0006548809178953,-0.0001054027701368,True,0.0003081559769949,0.0037791434950212,8.63,1-dim mismatch (v only): d-independent by construction
funnel,gauss_proposal,64,,,,2.397859919266614e-05,0.000246411259282,False,inf,-2.505060904437487,False,-2.7362621694893026,0.5142175103147136,8.67,E[w^2]=inf for ANY Gaussian proposal vs funnel: certificate undefined
