family,engine,K,T,grads,rep,contract_ratio,contract_ratio_dbl,dbl_pass,theta_err,theta_err_norm,accept
gmm2,grid,8,1,False,0,0.08147598542400192,0.08147598539874398,True,0.0010699392667991832,0.004356278989900997,1.0
gmm2,grid,8,1,True,0,0.048552965223244426,0.048552965199192395,True,0.00011461218982241444,0.0003605872818808398,1.0
gmm2,grid,8,1,False,1,0.12306307278067807,0.12296307929518666,True,0.01115243946225988,0.01456898432956179,1.0
gmm2,grid,8,1,True,1,0.07829871352660148,0.07828705966566345,True,0.0021296681789925113,0.0074452052985094965,1.0
gmm2,grid,8,1,False,2,0.11666495963837854,0.11664870395277756,True,0.0014722073969673432,0.00453754827710364,1.0
gmm2,grid,8,1,True,2,0.1103912745570961,0.11039030495884418,True,0.0010259733005873292,0.0040273922690218355,1.0
gmm2,grid,8,1,False,3,0.06912641809559229,0.0691264180410696,True,0.0015100112157366238,0.0028873385597057467,1.0
gmm2,grid,8,1,True,3,0.05707060310725248,0.057070603049757675,True,0.0009152300484574124,0.0024967426172795588,1.0
gmm2,grid,8,1,False,4,0.15047321971772518,0.1504732158656098,True,0.003080394465082252,0.00912650862802074,0.875
gmm2,grid,8,1,True,4,0.12709515995903714,0.12709515982456968,True,0.0019284909737812832,0.007244596596559956,0.875
gmm2,grid,8,1,False,5,0.08034269571765416,0.08033115595113649,True,0.0038499578216977053,0.007279018382566379,1.0
gmm2,grid,8,1,True,5,0.052649303306721656,0.05264926291202421,True,0.0012022465841523182,0.0034337516181655522,1.0
gmm2,grid,8,2,False,0,0.28853454941187184,0.28788666852120604,True,0.17239599750183016,0.3283999243440727,1.0
gmm2,grid,8,2,True,0,0.17636163444123293,0.17580789158871404,True,0.04574087721360282,0.18501654546127302,1.0
gmm2,grid,8,2,False,1,0.16872118041286938,0.1681601143574295,True,0.04710076937339326,0.14978680875412453,1.0
gmm2,grid,8,2,True,1,0.09119106094940967,0.09090845286683949,True,0.009908816205186473,0.040312002026877895,1.0
gmm2,grid,8,2,False,2,0.5357639152152613,0.5339980682596587,True,0.18428079102219339,0.45904583411998773,1.0
gmm2,grid,8,2,True,2,0.36520128274548225,0.3645664279139224,True,0.04668432173471389,0.18358432122657797,1.0
gmm2,grid,8,2,False,3,0.20869070429375602,0.20818720398993654,True,0.02243685384531913,0.08884636304130115,1.0
gmm2,grid,8,2,True,3,0.18546588076960993,0.18496235774393827,True,0.02159483940523083,0.08804163248947257,1.0
gmm2,grid,8,2,False,4,0.2988834371501015,0.2982636657800063,True,0.07038431202868772,0.2862187735930633,1.0
gmm2,grid,8,2,True,4,0.2602197935666028,0.2596001798027147,True,0.07005658345354321,0.2859807901323319,1.0
gmm2,grid,8,2,False,5,0.13718237219863574,0.13718202133483287,True,0.0035321730981791076,0.012751711297564963,1.0
gmm2,grid,8,2,True,5,0.12787719932864744,0.12787704553428345,True,0.0030177550692409147,0.011771787437585581,1.0
gmm2,grid,8,5,False,0,0.22560170023818846,0.22552411085589796,True,0.011156446275321481,0.0055901791341131865,1.0
gmm2,grid,8,5,True,0,0.21352994277343026,0.21352540098128844,True,0.0016191132517802207,0.00660379547987097,1.0
gmm2,grid,8,5,False,1,0.5775718381099372,0.5755115236403978,True,0.14092032881612906,0.5743906610165725,1.0
gmm2,grid,8,5,True,1,0.4869374244059713,0.4855434502937422,True,0.10563120923352731,0.42724868279835154,1.0
gmm2,grid,8,5,False,2,0.22009331360841952,0.21976943477515617,True,0.015848029383667868,0.05154051275425816,0.875
gmm2,grid,8,5,True,2,0.18566519565502074,0.1854406949482253,True,0.011754708021114755,0.046647743839493175,0.875
gmm2,grid,8,5,False,3,0.3672324848482026,0.36683987682277347,True,0.021592307119040643,0.07329334012743667,0.875
gmm2,grid,8,5,True,3,0.3294290421686771,0.32917229376623863,True,0.01490570810493677,0.0567778718305342,0.875
gmm2,grid,8,5,False,4,0.202794928715465,0.20227573845398478,True,0.06394958873698502,0.05831655658381669,1.0
gmm2,grid,8,5,True,4,0.11118128705700106,0.11106074993530418,True,0.005386076883862767,0.01764950270924252,1.0
gmm2,grid,8,5,False,5,0.2048790134200817,0.20487077213975002,True,0.007056767319423826,0.019938811649967938,0.875
gmm2,grid,8,5,True,5,0.1637103408186285,0.16370985574167168,True,0.004222497809699078,0.01552019966439805,0.875
gmm2,grid,32,1,False,0,0.07891276667771738,0.07891276662502031,True,0.00014949154011206154,0.000504959595975374,1.0
gmm2,grid,32,1,True,0,0.06460722620710942,0.06460722616009712,True,0.000400564027183477,0.0015969147059896503,1.0
gmm2,grid,32,1,False,1,0.12387782182308796,0.12387782172191986,True,0.0008108700870510655,0.0029634945644877488,1.0
gmm2,grid,32,1,True,1,0.10313889582180898,0.10313889573339793,True,0.0007049050627382471,0.0028731344994031563,1.0
gmm2,grid,32,1,False,2,0.1372282764834012,0.13722827638422874,True,0.00082445816790068,0.0014212267082208076,0.969
gmm2,grid,32,1,True,2,0.06272541837673899,0.0627254183377066,True,0.00017428613046402538,0.0006530471794093906,0.969
gmm2,grid,32,1,False,3,0.019403522883775438,0.019370180321499623,True,0.0010131892291159264,0.001626164137949176,0.938
gmm2,grid,32,1,True,3,0.016278876643994456,0.016258029549818805,True,0.00038429418994074025,0.0010767684535165393,0.938
gmm2,grid,32,1,False,4,0.16391353244300896,0.1639121778594139,True,0.006300898341027578,0.017297975786000116,0.969
gmm2,grid,32,1,True,4,0.09685486615806502,0.09685486585617271,True,0.0009401043894804299,0.0030787666020955407,0.969
gmm2,grid,32,1,False,5,0.0704433301213665,0.07043007118449769,True,0.0017171524925389387,0.006816530873591823,1.0
gmm2,grid,32,1,True,5,0.0602115965597179,0.06020859849547287,True,0.0017897447622081714,0.0072666425353909506,1.0
gmm2,grid,32,2,False,0,0.07854180486393092,0.0785417677054523,True,0.0021160618551316302,0.005583950451750368,0.969
gmm2,grid,32,2,True,0,0.05382375747239816,0.05382375743165438,True,0.000898570029272386,0.003574985793337175,0.969
gmm2,grid,32,2,False,1,0.1431471314071303,0.14314712872025373,True,0.005016727523386307,0.009014532010277491,1.0
gmm2,grid,32,2,True,1,0.07754206902267699,0.0775420689450016,True,0.0009011422099074699,0.0034152298436976604,1.0
gmm2,grid,32,2,False,2,0.08077809405141517,0.08077809400490675,True,0.0009858901235806972,0.0031602475315070004,1.0
gmm2,grid,32,2,True,2,0.03656396387274878,0.03656396386204575,True,0.0002031973598744877,0.0008212253624448074,1.0
gmm2,grid,32,2,False,3,0.1478965183880653,0.14789651830823283,True,0.0005801653090879166,0.0022381409990658483,1.0
gmm2,grid,32,2,True,3,0.13544863820544398,0.13544863808059343,True,0.0005351891641803863,0.002151563256159219,1.0
gmm2,grid,32,2,False,4,0.2435186853983202,0.24297776863188375,True,0.028933083926978943,0.1008974237560646,0.969
gmm2,grid,32,2,True,4,0.20047783476601025,0.19996144521220968,True,0.02321909660470077,0.09475006446798007,0.969
gmm2,grid,32,2,False,5,0.16001607133576423,0.16001581077832092,True,0.008180253155984732,0.030698578661082946,0.969
gmm2,grid,32,2,True,5,0.04460968688907558,0.044609686863970634,True,0.00011248094283293467,0.00045090263956595124,0.969
gmm2,grid,32,5,False,0,0.07748035352394207,0.07719891056847193,True,0.0172113364698197,0.06876060993889846,0.938
gmm2,grid,32,5,True,0,0.039043076005811056,0.03892844583736483,True,0.0029917487940717908,0.012098013792912674,0.938
gmm2,grid,32,5,False,1,0.08498759590080021,0.08494429636454923,True,0.0025837045904723984,0.010200650376630857,1.0
gmm2,grid,32,5,True,1,0.08069506013597022,0.08065333032350738,True,0.002483281700180694,0.0100296721558874,1.0
gmm2,grid,32,5,False,2,0.128843652627072,0.12883850271319797,True,0.004832622492935468,0.01867723321742297,1.0
gmm2,grid,32,5,True,2,0.08118284749827892,0.0811828472196762,True,0.002094552939138487,0.008511033182513799,1.0
gmm2,grid,32,5,False,3,0.13822570770244152,0.13779245726903458,True,0.023372152101917638,0.06426884410979279,0.969
gmm2,grid,32,5,True,3,0.11044152978074744,0.1101404978498798,True,0.010457161699095495,0.03824261466873151,0.969
gmm2,grid,32,5,False,4,0.07417538743032337,0.07391583665880141,True,0.02713294926081888,0.08853339353259608,1.0
gmm2,grid,32,5,True,4,0.06470442843908526,0.0644722347317992,True,0.020753499982122194,0.0812029864642717,1.0
gmm2,grid,32,5,False,5,0.08791329492128167,0.08789612650511576,True,0.002327877815141407,0.009259322287520166,0.969
gmm2,grid,32,5,True,5,0.06658354190664274,0.06658182245904569,True,0.0006123649236552826,0.002292407772112711,0.969
gmm2,grid,128,1,False,0,0.01862320668482207,0.018623206684576597,True,4.6968372700177904e-05,0.00014262645437522757,0.969
gmm2,grid,128,1,True,0,0.013308702974843836,0.013308702974809404,True,2.583153634998289e-05,0.00010522936567850793,0.969
gmm2,grid,128,1,False,1,0.022765464972081755,0.022765464970203618,True,4.3121883125092256e-05,0.00016712349738639908,0.945
gmm2,grid,128,1,True,1,0.019015858859567247,0.019015858858062378,True,4.060513493276156e-05,0.00016555359726562013,0.945
gmm2,grid,128,1,False,2,0.02060785936344354,0.020607859360357726,True,1.2436674391207379e-05,3.810244236157764e-05,0.961
gmm2,grid,128,1,True,2,0.017872942104410115,0.017872942099582144,True,8.754990331933871e-06,3.395812736953972e-05,0.961
gmm2,grid,128,1,False,3,0.02925290937157556,0.02925290936537933,True,0.0002115130287917016,0.0008623509323578868,0.922
gmm2,grid,128,1,True,3,0.024503771017665186,0.0245037710115572,True,0.00021096106402356224,0.000861199266614016,0.922
gmm2,grid,128,1,False,4,0.01472784824275325,0.014727848242625092,True,4.365018914872295e-05,0.00017794554744646584,0.945
gmm2,grid,128,1,True,4,0.013046881875510636,0.013046881875383186,True,4.3584864603213956e-05,0.00017790724709567564,0.945
gmm2,grid,128,1,False,5,0.013511823232892246,0.013454817682026114,True,0.0036769542293251683,0.013352877929493428,0.961
gmm2,grid,128,1,True,5,0.008960150228774109,0.008924243771450057,True,0.0021194456768233037,0.008619384702936078,0.961
gmm2,grid,128,2,False,0,0.01901632153366502,0.01901632153259145,True,3.877314404692958e-05,0.00015755420640536322,0.992
gmm2,grid,128,2,True,0,0.01818669901948581,0.018186699018457493,True,3.857358953130017e-05,0.00015727676086920754,0.992
gmm2,grid,128,2,False,1,0.03517721326360143,0.03517721325015776,True,0.00012021099994015824,0.0004906052919384433,0.945
gmm2,grid,128,2,True,1,0.02227131816632799,0.02227131816598781,True,4.0392403806614756e-05,0.00015803959180510482,0.945
gmm2,grid,128,2,False,2,0.021426334325908514,0.02142633432363435,True,0.00010291575924500104,0.00038639526359444867,0.945
gmm2,grid,128,2,True,2,0.014847022923332035,0.014847022923277213,True,5.224577042420403e-05,0.00021214996700821983,0.945
gmm2,grid,128,2,False,3,0.01642910445967852,0.016429104459260394,True,9.633392473127423e-05,0.00032862320414605304,0.961
gmm2,grid,128,2,True,3,0.012573641784319623,0.012573641784248362,True,5.92195625806042e-05,0.00023878433782073246,0.961
gmm2,grid,128,2,False,4,0.03268936858361053,0.03268936852659915,True,0.0003753987518000566,0.0013338545015160082,0.977
gmm2,grid,128,2,True,4,0.020088695050713003,0.02008869504949366,True,0.00012406683334603832,0.0005058795430955962,0.977
gmm2,grid,128,2,False,5,0.051898370001879086,0.05189836996586142,True,0.00042585649554694686,0.0015701424714202761,0.953
gmm2,grid,128,2,True,5,0.032020699235630064,0.03202069921782828,True,0.00017398863837534274,0.000695944846839789,0.953
gmm2,grid,128,5,False,0,0.04251760338744372,0.04251760336487344,True,0.00011196557399407057,0.0004170356366998996,0.961
gmm2,grid,128,5,True,0,0.02643428054412773,0.02643428053915818,True,6.126023564421903e-05,0.00020862330033602725,0.961
gmm2,grid,128,5,False,1,0.03181366013189579,0.03181366012818024,True,0.00028935483874922174,0.001018801325800007,0.984
gmm2,grid,128,5,True,1,0.023402484134587825,0.023402484133471024,True,0.00016190172493506737,0.0006355522444681677,0.984
gmm2,grid,128,5,False,2,0.07130735108760818,0.07115437961702772,True,0.0041626815925897955,0.01571198007641172,0.969
gmm2,grid,128,5,True,2,0.045659202481991595,0.0456481251719926,True,0.0013575166858302463,0.005375773170965448,0.969
gmm2,grid,128,5,False,3,0.05167019816082894,0.05167019813539523,True,0.000699024567836548,0.002764294034828246,0.969
gmm2,grid,128,5,True,3,0.0295666563950914,0.02956665638351405,True,0.0002727982893129356,0.0010989325312338412,0.969
gmm2,grid,128,5,False,4,0.014334536009908323,0.014284109176356538,True,0.004199972507086289,0.016326867128307335,0.984
gmm2,grid,128,5,True,4,0.01031261783639583,0.010269485022179038,True,0.0027300756974357474,0.011049243598826537,0.984
gmm2,grid,128,5,False,5,0.033410736455399964,0.033410736445463635,True,0.0001864434351618158,0.0006100161456095642,0.984
gmm2,grid,128,5,True,5,0.024116694104318156,0.02411669410368429,True,0.00010235064673694374,0.0003865507501241821,0.984
gmm2,grid,512,1,False,0,0.006596463260058843,0.006596463260058788,True,1.1765143587862363e-05,4.798879579343655e-05,0.941
gmm2,grid,512,1,True,0,0.005745755337080875,0.005745755337080809,True,1.180395568979812e-05,4.818650007862068e-05,0.941
gmm2,grid,512,1,False,1,0.00940727808359076,0.009407278083559375,True,1.3996806457315068e-05,4.93021306136055e-05,0.936
gmm2,grid,512,1,True,1,0.0064351722975633085,0.006435172297559672,True,5.78259985668361e-06,2.1572674938028216e-05,0.936
gmm2,grid,512,1,False,2,0.006139244082348047,0.006139244082347967,True,4.5409350074769435e-06,1.8537613302962563e-05,0.943
gmm2,grid,512,1,True,2,0.0054600549480524445,0.0054600549480523985,True,4.47875449689636e-06,1.8284118676029032e-05,0.943
gmm2,grid,512,1,False,3,0.008304469276887817,0.008304469276884427,True,2.0077921773401786e-06,8.189397900670814e-06,0.945
gmm2,grid,512,1,True,3,0.007377761327511133,0.007377761327509566,True,1.580521130367613e-06,6.170349622167796e-06,0.945
gmm2,grid,512,1,False,4,0.008036948734770729,0.008036948734767568,True,6.869429071534266e-06,2.362512468135362e-05,0.939
gmm2,grid,512,1,True,4,0.006307941586982251,0.006307941586982225,True,4.438810813281957e-06,1.6899510953535072e-05,0.939
gmm2,grid,512,1,False,5,0.004891189424264419,0.004891189424264378,True,3.3382541002068685e-06,1.2437744389396128e-05,0.938
gmm2,grid,512,1,True,5,0.0041837095821041954,0.004183709582104137,True,2.6683257338176193e-06,1.0320237754202118e-05,0.938
gmm2,grid,512,2,False,0,0.006474866243641171,0.006474866152209068,True,1.5173479343114626e-05,6.120400907480892e-05,0.973
gmm2,grid,512,2,True,0,0.005959402268479409,0.0059594021856075345,True,1.4810976696710053e-05,6.0340565297624366e-05,0.973
gmm2,grid,512,2,False,1,0.012810631215937375,0.012810631214481491,True,7.026108232860145e-06,2.8605149613075026e-05,0.98
gmm2,grid,512,2,True,1,0.0082545984713885,0.008254598471375491,True,3.320401457057066e-06,1.25430877470404e-05,0.98
gmm2,grid,512,2,False,2,0.008164125631979898,0.008164125631979584,True,2.236365377890129e-05,8.588533932780444e-05,0.973
gmm2,grid,512,2,True,2,0.006625653005828483,0.00662565300582846,True,1.674553895106674e-05,6.773967968065094e-05,0.973
gmm2,grid,512,2,False,3,0.012969103116913353,0.012969103116854501,True,5.1388151357144716e-05,0.00020902275962439258,0.98
gmm2,grid,512,2,True,3,0.010249981285810469,0.010249981285759826,True,4.037503417730934e-05,0.00016480610575628546,0.98
gmm2,grid,512,2,False,4,0.01158735658407414,0.01158735658404866,True,1.7638592065263288e-05,5.9664658208284124e-05,0.961
gmm2,grid,512,2,True,4,0.007158681301263016,0.007158681301262988,True,5.9266843565324305e-06,2.3670932838769922e-05,0.961
gmm2,grid,512,2,False,5,0.010549447823013211,0.010549447823010162,True,1.1440136393058293e-05,4.6099224768024444e-05,0.957
gmm2,grid,512,2,True,5,0.009945726380636639,0.009945726380634038,True,1.1273756289982299e-05,4.591014449025076e-05,0.957
gmm2,grid,512,5,False,0,0.02993704524044994,0.02993704523213784,True,0.00022425181607256778,0.0009139176911423793,0.98
gmm2,grid,512,5,True,0,0.01526941623585901,0.015269416235535169,True,4.573228297173473e-05,0.00018629936326499796,0.98
gmm2,grid,512,5,False,1,0.020805570967929655,0.02080557096621175,True,6.337368062102497e-05,0.00024944048926581083,0.973
gmm2,grid,512,5,True,1,0.01345681522749179,0.013456815227488934,True,2.8288874414836346e-05,0.00011400230741259761,0.973
gmm2,grid,512,5,False,2,0.022503507691461432,0.022503507689686047,True,6.273636954836022e-05,0.00024963180276693295,0.986
gmm2,grid,512,5,True,2,0.016414698150725274,0.016414698149307638,True,3.2868743432963375e-05,0.00013288438432135742,0.986
gmm2,grid,512,5,False,3,0.021239722048554222,0.021239722047373084,True,1.705482403168345e-05,6.814183923672133e-05,0.971
gmm2,grid,512,5,True,3,0.01409423977318514,0.014094239773093159,True,9.956311431442596e-06,3.388422109569488e-05,0.971
gmm2,grid,512,5,False,4,0.017187189369138517,0.01718718936873546,True,4.400307310842836e-05,0.00017064656674228303,0.975
gmm2,grid,512,5,True,4,0.011388084236175508,0.011388084236146609,True,2.012370027585023e-05,7.926855124475744e-05,0.975
gmm2,grid,512,5,False,5,0.01809120819636072,0.01809120819589439,True,5.874098480961428e-05,0.00023980845942323453,0.982
gmm2,grid,512,5,True,5,0.014142241882670438,0.014142241882500382,True,2.988603457152619e-05,0.00012184538884525608,0.982
funnel2,grid,8,1,False,0,0.5251600828043224,0.5230667419333584,True,0.8183864373734621,0.6682177113437981,0.75
funnel2,grid,8,1,True,0,0.5098980249649805,0.508025479862039,True,0.8222034183725815,0.6713310975538139,0.75
funnel2,grid,8,1,False,1,0.05798449709438516,0.05797541190942253,True,0.004078836284255605,0.005107660806955076,1.0
funnel2,grid,8,1,True,1,0.03223825862837362,0.032238258624269184,True,0.0019903561883525102,0.001704176674126072,1.0
funnel2,grid,8,1,False,2,0.5125507945296729,0.5104800001895475,True,0.660372586126222,0.5391921678084449,0.5
funnel2,grid,8,1,True,2,0.5085564194725036,0.5064864309650828,True,0.6601979193402684,0.5390493657931361,0.5
funnel2,grid,8,1,False,3,0.5232588553576002,0.5211870260918517,True,0.065104040125426,0.053172877703842505,0.75
funnel2,grid,8,1,True,3,0.5148195872693372,0.5127538992754757,True,0.0661339831872463,0.054000506200322554,0.75
funnel2,grid,8,1,False,4,0.515797200534901,0.5137261541282119,True,1.3454728377701923,1.098573985525455,0.0
funnel2,grid,8,1,True,4,0.510578828092298,0.508507934173577,True,1.3453676241951131,1.098488074304961,0.0
funnel2,grid,8,1,False,5,0.2707993035176348,0.27005038981506774,True,0.016925326971933344,0.013820353915073753,0.75
funnel2,grid,8,1,True,5,0.2570910820969029,0.2563606069211617,True,0.0022061781006763783,0.0018017813374233875,0.75
funnel2,grid,8,2,False,0,0.5178309586789979,0.5157602892064456,True,1.236910553172325,1.0099333812401916,0.25
funnel2,grid,8,2,True,0,0.5116555019412989,0.5095849899338506,True,1.236955350895873,1.009969826077763,0.25
funnel2,grid,8,2,False,1,0.3834390939666842,0.38248758987736386,True,0.6892365948445668,0.56276364614846,0.75
funnel2,grid,8,2,True,1,0.34126571952935325,0.34035234972665157,True,0.5720146058387483,0.4670480620276373,0.75
funnel2,grid,8,2,False,2,0.5147061670713741,0.5126374219236373,True,0.6163769397352669,0.5032698329056212,0.375
funnel2,grid,8,2,True,2,0.5094693561029807,0.5074167844208219,True,0.6175483085186249,0.504226085429839,0.375
funnel2,grid,8,2,False,3,0.5094341619563915,0.507405198619835,True,1.3814055554227622,1.1279163115323112,0.75
funnel2,grid,8,2,True,3,0.5039836550229836,0.5020513177037387,True,1.359302448723243,1.1098660610220603,0.75
funnel2,grid,8,2,False,4,0.39852327683158284,0.3975691179998887,True,0.8939715872401377,0.7299727089700527,0.75
funnel2,grid,8,2,True,4,0.3550428208643593,0.35411135333155697,True,0.7810064005084507,0.6376963238513047,0.75
funnel2,grid,8,2,False,5,0.5121449065795662,0.5100895411418926,True,0.2523209277455162,0.20601998354929899,0.375
funnel2,grid,8,2,True,5,0.5078804700700728,0.5058433016017156,True,0.25476392968097006,0.2080140264510627,0.375
funnel2,grid,8,5,False,0,0.5178793059424854,0.5158338036539649,True,0.9344815874189258,0.7630012660215638,0.75
funnel2,grid,8,5,True,0,0.5105716336814312,0.5085831974221386,True,0.9325475617016843,0.7614220432679817,0.75
funnel2,grid,8,5,False,1,0.518225388219639,0.5161528600756098,True,0.750340660980661,0.6126507104935196,0.375
funnel2,grid,8,5,True,1,0.5114159700132135,0.5093491402945006,True,0.750955214331446,0.6131523657413758,0.375
funnel2,grid,8,5,False,2,0.5115758076302177,0.5095046171455615,True,1.4485436684072224,1.1827309526061027,0.5
funnel2,grid,8,5,True,2,0.5083830512786716,0.5063120751860979,True,1.4484969265952667,1.1826927914541094,0.5
funnel2,grid,8,5,False,3,0.10376078820290327,0.1035627876823037,True,0.021415976451932616,0.017542922822798818,1.0
funnel2,grid,8,5,True,3,0.08254240415617624,0.08249166585941294,True,0.01838928760130986,0.015036507415972133,1.0
funnel2,grid,8,5,False,4,0.06089844145204831,0.06069603094959501,True,0.020036900033766313,0.03271985219472547,0.875
funnel2,grid,8,5,True,4,0.02107504694344971,0.02107463094488725,True,0.0005903527839939227,0.0007103619046778745,0.875
funnel2,grid,8,5,False,5,0.2221282117036309,0.22145507186841892,True,0.08731369024239546,0.07224568324963496,1.0
funnel2,grid,8,5,True,5,0.17391439820124502,0.17344169690074893,True,0.029251840748007057,0.023981780468615668,1.0
funnel2,grid,32,1,False,0,0.5053638694383399,0.5035995611725452,True,0.013835057487669201,0.012619043004840609,0.75
funnel2,grid,32,1,True,0,0.4208268445018021,0.41983377277138745,True,0.2343570596651591,0.19135203831586348,0.75
funnel2,grid,32,1,False,1,0.5129606071114426,0.5108890278693076,True,0.5808550862660552,0.4742662071223617,0.719
funnel2,grid,32,1,True,1,0.5083616310319983,0.5063080502354401,True,0.5825730490013555,0.4756689027325946,0.719
funnel2,grid,32,1,False,2,0.28100255735007396,0.2802085898711566,True,0.43619549619077014,0.35618297766459384,0.25
funnel2,grid,32,1,True,2,0.17927672373796683,0.1787411810489839,True,0.1716325457119138,0.14013779009046945,0.25
funnel2,grid,32,1,False,3,0.5162059084700661,0.5141067364760297,True,0.3172485708829081,0.2590404039861714,0.75
funnel2,grid,32,1,True,3,0.47823614513167445,0.47692376282380716,True,0.41271738718796036,0.33698238493766625,0.75
funnel2,grid,32,1,False,4,0.5101362036160589,0.5080654617735322,True,0.9638815597190756,0.7870059996615419,0.719
funnel2,grid,32,1,True,4,0.5075119293168091,0.5054417358218852,True,0.9639338939458069,0.7870487286578867,0.719
funnel2,grid,32,1,False,5,0.5134679047663058,0.5113989150246117,True,1.272835213954921,1.0392657187686263,0.75
funnel2,grid,32,1,True,5,0.50902778494853,0.5069618075093798,True,1.2722473601589666,1.0387856404053102,0.75
funnel2,grid,32,2,False,0,0.020591747659758908,0.020591747659535118,True,0.0008447377365332862,0.0008707744512872763,0.969
funnel2,grid,32,2,True,0,0.012720687064837179,0.012720687064836424,True,0.0003719087987013837,0.0003289659348828697,0.969
funnel2,grid,32,2,False,1,0.15062189537586534,0.15058659794524815,True,0.04594000943035361,0.07490381686452897,1.0
funnel2,grid,32,2,True,1,0.017913793967345763,0.01791379396104584,True,0.0006312020509184502,0.0010267024816128952,1.0
funnel2,grid,32,2,False,2,0.08478223035897811,0.08478222106923551,True,0.04317117670820837,0.03526062342895214,0.719
funnel2,grid,32,2,True,2,0.0688488939337089,0.06884888293688177,True,0.03110315294621705,0.025396169261150087,0.719
funnel2,grid,32,2,False,3,0.486458270362849,0.4849501708303827,True,0.9661635635172443,0.7888692652704562,0.5
funnel2,grid,32,2,True,3,0.48083971934303843,0.47938583117592243,True,0.9554726993592227,0.7801402344689914,0.5
funnel2,grid,32,2,False,4,0.0556596478913156,0.055659647768055855,True,0.009110167638336154,0.007478482950263684,1.0
funnel2,grid,32,2,True,4,0.03985315328709552,0.039853153250952074,True,0.005102867449793189,0.004169192900645256,1.0
funnel2,grid,32,2,False,5,0.4740828539827159,0.4728141508039349,True,1.1718040217891,0.9567740317475223,0.75
funnel2,grid,32,2,True,5,0.46224641886129186,0.4610717612803267,True,1.1444840980397182,0.934467457614599,0.75
funnel2,grid,32,5,False,0,0.49754161183122947,0.4958269022687541,True,0.7660265768232487,0.6254580939900402,0.75
funnel2,grid,32,5,True,0,0.4916745344719467,0.4900137827668043,True,0.7567835715435475,0.6179112260408418,0.75
funnel2,grid,32,5,False,1,0.5067409514226683,0.504670169631512,True,1.400326800559391,1.1433620464506107,0.75
funnel2,grid,32,5,True,1,0.5056078387377674,0.5035373956149874,True,1.400329260006095,1.1433640531124643,0.75
funnel2,grid,32,5,False,2,0.4912792604963336,0.48980273448504386,True,0.8216781309961779,0.6708979937524238,0.312
funnel2,grid,32,5,True,2,0.4846899109093554,0.48330636740912514,True,0.8156437160870459,0.6659703301936739,0.312
funnel2,grid,32,5,False,3,0.018207924127802234,0.018207924127720907,True,0.000821950496039133,0.0007768538472647013,0.938
funnel2,grid,32,5,True,3,0.012330444968657327,0.01233044496861716,True,0.0006032598935239073,0.0004963653327440855,0.938
funnel2,grid,32,5,False,4,0.029985568456932662,0.0299855684511328,True,0.001547915411942345,0.0014170096386140114,0.969
funnel2,grid,32,5,True,4,0.020473550201872418,0.020473550200404284,True,0.0009861117772131784,0.0008129735382513886,0.969
funnel2,grid,32,5,False,5,0.4134801074723872,0.412492175368508,True,0.5918409172151932,0.4832364034202705,0.75
funnel2,grid,32,5,True,5,0.40314363702493283,0.40217337637642986,True,0.5730727946221668,0.46791198143046453,0.75
funnel2,grid,128,1,False,0,0.3246644364242923,0.32375297660958496,True,0.3345188625936711,0.2731343032195916,0.25
funnel2,grid,128,1,True,0,0.2726563752973421,0.2720184901221178,True,0.19306430703672653,0.1576363764555144,0.25
funnel2,grid,128,1,False,1,0.4446112956780173,0.4435597858373788,True,0.48930988352518345,0.39951991219002286,0.5
funnel2,grid,128,1,True,1,0.42349409031600554,0.42250593334379616,True,0.4250721394756311,0.3470699658084594,0.5
funnel2,grid,128,1,False,2,0.5073924937926639,0.505321832407876,True,1.2722224476028818,1.0387652833282954,0.484
funnel2,grid,128,1,True,2,0.5058057314661443,0.503736340318457,True,1.2719719570423533,1.03856075447438,0.484
funnel2,grid,128,1,False,3,0.029255214645933628,0.02920614987575457,True,9.102539273379553e-05,0.00010701095797235313,1.0
funnel2,grid,128,1,True,3,0.008013270553194314,0.008013270553194195,True,7.076030178006205e-05,9.720202822682423e-05,1.0
funnel2,grid,128,1,False,4,0.4995311034274169,0.4978693845930278,True,0.9605205579475873,0.784261784473755,0.734
funnel2,grid,128,1,True,4,0.4722262299678117,0.4710100203226384,True,0.80196988978946,0.654806156233325,0.734
funnel2,grid,128,1,False,5,0.5073683634234482,0.5053208855227115,True,1.3594863713648322,1.110016553039648,0.719
funnel2,grid,128,1,True,5,0.4948007868209123,0.49301959837864184,True,1.3130737717273946,1.0721202924769224,0.719
funnel2,grid,128,2,False,0,0.07364016331398093,0.07364016290288845,True,0.024972759794165092,0.020390198225845098,0.977
funnel2,grid,128,2,True,0,0.05987690613827578,0.05987690568983495,True,0.017435371210168867,0.014235970731135273,0.977
funnel2,grid,128,2,False,1,0.5015077790073513,0.4999039312035391,True,0.918390124030226,0.7499484923286661,0.781
funnel2,grid,128,2,True,1,0.18124540402443468,0.18112528816589,True,0.14698276660775814,0.120027111705001,0.781
funnel2,grid,128,2,False,2,0.2724845590130624,0.2718174997510754,True,0.20469934861444566,0.16716654628960922,0.75
funnel2,grid,128,2,True,2,0.11979061517100653,0.11978159818410068,True,0.057529948793606844,0.04697440311064877,0.75
funnel2,grid,128,2,False,3,0.3286903463907253,0.32781905396981603,True,0.1744821864829805,0.14246411294306038,0.406
funnel2,grid,128,2,True,3,0.30772738389891663,0.30695545120979584,True,0.20161065265285452,0.16461441473682453,0.406
funnel2,grid,128,2,False,4,0.506513962393022,0.5044852149714052,True,0.41763998352120585,0.3410018595248514,0.75
funnel2,grid,128,2,True,4,0.502943540324743,0.500962705618152,True,0.41007797414450375,0.33482733339071963,0.75
funnel2,grid,128,2,False,5,0.5062591178374981,0.504188171217533,True,0.8862287956391163,0.7236027824356379,0.688
funnel2,grid,128,2,True,5,0.5051780636285896,0.5031104412821443,True,0.8862968021486964,0.7236583088205976,0.688
funnel2,grid,128,5,False,0,0.48808371040818194,0.48652931971352503,True,0.8709791549920909,0.7111515028966764,0.75
funnel2,grid,128,5,True,0,0.4566786951344959,0.45542256619956234,True,0.7169874564484495,0.5854179385476171,0.75
funnel2,grid,128,5,False,1,0.5063972719669118,0.5043268064833752,True,1.0516367330284218,0.8586578798099247,0.539
funnel2,grid,128,5,True,1,0.504925216642835,0.5028830391992593,True,1.0477572315346158,0.8554902196919748,0.539
funnel2,grid,128,5,False,2,0.22833436015319056,0.22766838684061297,True,0.2801959633082008,0.4574592398987704,1.0
funnel2,grid,128,5,True,2,0.05645632932348498,0.05627293520042951,True,0.05812437422199534,0.09488966244791014,1.0
funnel2,grid,128,5,False,3,0.17218386037740863,0.17205956673090547,True,0.11258947757991014,0.09192933803841752,0.742
funnel2,grid,128,5,True,3,0.16092666921485901,0.16083497752094844,True,0.10105942812349643,0.08251468939168169,0.742
funnel2,grid,128,5,False,4,0.3351210414660452,0.33421742092415413,True,0.577291183244422,0.4713563989554951,0.375
funnel2,grid,128,5,True,4,0.3011434517405655,0.30030252319913087,True,0.47843719294300285,0.3906423334879197,0.375
funnel2,grid,128,5,False,5,0.06269751100069709,0.06267211355843896,True,0.012557986955404625,0.010254677108772285,0.984
funnel2,grid,128,5,True,5,0.04996612004109015,0.04996262452778693,True,0.008435923186600528,0.006887988403598046,0.984
funnel2,grid,512,1,False,0,0.006109538673190858,0.006093260722546395,True,0.0005028595527116698,0.00044294408651560145,0.986
funnel2,grid,512,1,True,0,0.0017374712136903332,0.0017178757090705334,True,0.00014841960424131313,0.00015806763280781487,0.986
funnel2,grid,512,1,False,1,0.006442597518415335,0.00644259751841523,True,8.552658427926193e-05,0.0001358338266714483,0.996
funnel2,grid,512,1,True,1,0.0021936398013619575,0.0021936398013619315,True,9.753975519251066e-06,1.1883608273482159e-05,0.996
funnel2,grid,512,1,False,2,0.5052729919896878,0.5032025448397125,True,0.5921161337128967,0.48346079875976605,0.488
funnel2,grid,512,1,True,2,0.504787791008755,0.5027173563968217,True,0.5921127585807163,0.4834580429131399,0.488
funnel2,grid,512,1,False,3,0.006350525965776484,0.006350525965776428,True,0.00010505989461991817,9.164934694147756e-05,1.0
funnel2,grid,512,1,True,3,0.0038831878716053094,0.003883187871605286,True,4.184029439638476e-05,3.546287270747163e-05,1.0
funnel2,grid,512,1,False,4,0.5055320547841039,0.5034618041096476,True,0.4084318083003876,0.33348317561887453,0.494
funnel2,grid,512,1,True,4,0.5046132588663902,0.5025530822131125,True,0.4095353715333568,0.3343842307154417,0.494
funnel2,grid,512,1,False,5,0.010780524833406453,0.010780524833399478,True,0.00023670297395993325,0.00019776824897393838,0.951
funnel2,grid,512,1,True,5,0.007864362318664707,0.007864362318660615,True,0.00017268563145238146,0.0001411479526836049,0.951
funnel2,grid,512,2,False,0,0.013072716400331296,0.01307271640031515,True,0.0004141185382394043,0.000341406752587426,0.986
funnel2,grid,512,2,True,0,0.008921023400382394,0.00892102340033959,True,0.0002456273054598164,0.00020069599922207938,0.986
funnel2,grid,512,2,False,1,0.5037195902010149,0.5017215866765526,True,0.27945487526708257,0.2281740395402187,0.5
funnel2,grid,512,2,True,1,0.4927520298784164,0.49102846257289784,True,0.31251347533324336,0.2551661923211605,0.5
funnel2,grid,512,2,False,2,0.5066673673585321,0.5045968531307389,True,1.1477311327477067,0.9371185463945142,0.498
funnel2,grid,512,2,True,2,0.5055128198181431,0.5034424895491075,True,1.1477034889075592,0.9370959747822293,0.498
funnel2,grid,512,2,False,3,0.015397208319046138,0.015397208309889965,True,0.00039972193883558226,0.0006522489738333185,0.998
funnel2,grid,512,2,True,3,0.003946621734641667,0.0039466217346330115,True,2.1763465451086698e-05,3.509291992482739e-05,0.998
funnel2,grid,512,2,False,4,0.005672047902467704,0.005672047902467628,True,8.544291660320871e-05,7.276275527841653e-05,0.994
funnel2,grid,512,2,True,4,0.004077287195908568,0.004077287195908537,True,5.9785298800719963e-05,4.89741282810483e-05,0.994
funnel2,grid,512,2,False,5,0.3814898403162093,0.38051098492198315,True,0.45342683297394465,0.3702215111584479,0.5
funnel2,grid,512,2,True,5,0.36955575391644024,0.36861395476910147,True,0.44816565906771894,0.36592578059262576,0.5
funnel2,grid,512,5,False,0,0.5062304172067552,0.5041599470878715,True,0.1977243375206038,0.16144125131065282,0.729
funnel2,grid,512,5,True,0,0.5052850751567408,0.5032161068977564,True,0.19748360018250583,0.16124468527749475,0.729
funnel2,grid,512,5,False,1,0.012537985797003848,0.012537985797001532,True,0.00023117567448553594,0.0002055419100471354,1.0
funnel2,grid,512,5,True,1,0.007767044360953721,0.007767044360953421,True,0.0001299952111079175,0.00010667008676139851,1.0
funnel2,grid,512,5,False,2,0.006344699867749331,0.006344699867749288,True,0.00011077749503509462,9.246427095564873e-05,0.986
funnel2,grid,512,5,True,2,0.005061058123859678,0.005061058123859608,True,8.589414336129818e-05,7.027168003921163e-05,0.986
funnel2,grid,512,5,False,3,0.5055359693164206,0.5034674018803245,True,1.1110724073363336,0.9071868348605261,0.5
funnel2,grid,512,5,True,3,0.5047939129408995,0.5027344167512311,True,1.1090436855718644,0.9055303791497854,0.5
funnel2,grid,512,5,False,4,0.34718212515079544,0.3462400210479808,True,0.1135667312983474,0.09272689533027915,0.631
funnel2,grid,512,5,True,4,0.32602467188256296,0.3251030329157736,True,0.05968627280835058,0.04873372431086838,0.631
funnel2,grid,512,5,False,5,0.43574487816683566,0.43474150231638975,True,0.023148319941591302,0.01907577525128713,0.75
funnel2,grid,512,5,True,5,0.2911434659691525,0.2904297562804808,True,0.2600277231201115,0.2123118977439802,0.75
dwell2,grid,8,1,False,0,0.06213332455937937,0.06213308069432315,True,0.005806843086914883,0.005696046868016504,1.0
dwell2,grid,8,1,True,0,0.023740798615408974,0.023740798613294777,True,0.0005367114323736097,0.0005742788128111603,1.0
dwell2,grid,8,1,False,1,0.3152269756439242,0.31310983638795736,True,0.1170796768175491,0.13977060589475898,0.75
dwell2,grid,8,1,True,1,0.2562428395436835,0.255424742777732,True,0.017169377681508217,0.020823348098937027,0.75
dwell2,grid,8,1,False,2,0.4668552327677701,0.4660961278760677,True,0.08434402770414896,0.10324363900962762,0.75
dwell2,grid,8,1,True,2,0.07409800282339866,0.07409800277731135,True,0.0024993287673984992,0.0030517926981981293,0.75
dwell2,grid,8,1,False,3,0.46005473375631234,0.45861624681721186,True,0.11150373878838218,0.13187514342777173,0.5
dwell2,grid,8,1,True,3,0.12804190876771301,0.12804190852507125,True,0.003834966734522012,0.0046322906621357116,0.5
dwell2,grid,8,1,False,4,0.16350874167036522,0.1629610829631659,True,0.18178827581490012,0.1824200745302925,0.5
dwell2,grid,8,1,True,4,0.03623112952053078,0.03610137009024409,True,0.01651957357753171,0.01628303937476045,0.5
dwell2,grid,8,1,False,5,0.13472447354469008,0.13472194375930968,True,0.009921523143314012,0.011010137119373944,0.75
dwell2,grid,8,1,True,5,0.02492747921027961,0.024927479209331166,True,0.0003099647827431255,0.00031357710892036773,0.75
dwell2,grid,8,2,False,0,0.08843088256138124,0.0881791946868147,True,0.026845369269979984,0.026447575227870206,1.0
dwell2,grid,8,2,True,0,0.029491444553567225,0.029491399558932638,True,0.00038996684494658004,0.00038269904479348025,1.0
dwell2,grid,8,2,False,1,0.416954145580439,0.4161231755090763,True,0.05516790295442691,0.0664000854773898,0.75
dwell2,grid,8,2,True,1,0.18087157353233047,0.18085430142891465,True,0.007512917016243337,0.009190316975808719,0.75
dwell2,grid,8,2,False,2,0.5377443407944404,0.5356143957718398,True,0.27622048770297614,0.33812521500633264,0.625
dwell2,grid,8,2,True,2,0.5069641558864405,0.505059661915981,True,0.2377477808058574,0.29111432401148885,0.625
dwell2,grid,8,2,False,3,0.056679721237611044,0.056679721167237795,True,0.003313751320540921,0.0037275816686204483,0.875
dwell2,grid,8,2,True,3,0.02478549829191843,0.024785498291420342,True,0.0004602736344832334,0.0005388109350384913,0.875
dwell2,grid,8,2,False,4,0.4314202606503421,0.43067938334154976,True,0.08100149954709836,0.0989294844847824,0.75
dwell2,grid,8,2,True,4,0.13571567742442955,0.135715677102789,True,0.0053178881580917435,0.006503447400914096,0.75
dwell2,grid,8,2,False,5,0.30923930166202235,0.30838412360564554,True,0.2615584521016305,0.3166794017806888,0.375
dwell2,grid,8,2,True,5,0.1696048044722503,0.16900739393063977,True,0.08847798348515291,0.10776264170496723,0.375
dwell2,grid,8,5,False,0,0.08041778586877228,0.08041778578086639,True,0.0028357199359292772,0.002947454829416805,1.0
dwell2,grid,8,5,True,0,0.040730520346592636,0.040730520333203846,True,0.0005848172241227245,0.0006218639943760633,1.0
dwell2,grid,8,5,False,1,0.5014980574681429,0.5001413762215743,True,0.5093193500763937,0.5338621326890175,1.0
dwell2,grid,8,5,True,1,0.15820840779264866,0.15771151754444782,True,0.06553139374596656,0.06693082543119175,1.0
dwell2,grid,8,5,False,2,0.4233847464571784,0.4222356888572787,True,0.2892217083654223,0.33550303957065897,0.375
dwell2,grid,8,5,True,2,0.12795322732668088,0.12789048753979756,True,0.004570072236829992,0.0054765313746130565,0.375
dwell2,grid,8,5,False,3,0.5978928185369223,0.5957990538802452,True,0.4606168112155622,0.5541257062607456,0.75
dwell2,grid,8,5,True,3,0.24062288993848677,0.2401016035484697,True,0.014312871091056806,0.017360759645460428,0.75
dwell2,grid,8,5,False,4,0.07474409337919627,0.07473191193520154,True,0.005716608482598911,0.006864324948386918,1.0
dwell2,grid,8,5,True,4,0.03958586093553371,0.039585860906950994,True,0.0011561690635122244,0.001404946660561761,1.0
dwell2,grid,8,5,False,5,0.040637107739241424,0.04063710772274225,True,0.0015966275314947835,0.0018049289700086573,0.75
dwell2,grid,8,5,True,5,0.021256671769301117,0.021256671769040433,True,0.00034109521441927723,0.0003906551521269928,0.75
dwell2,grid,32,1,False,0,0.24760126687507433,0.24682629217799895,True,0.19978191357294434,0.24132247238842588,0.562
dwell2,grid,32,1,True,0,0.06308780750424875,0.06293209647906424,True,0.007162279938996599,0.00871636865002583,0.562
dwell2,grid,32,1,False,1,0.1911453416077284,0.19093654685232953,True,0.006294255217640447,0.007704007959190351,0.469
dwell2,grid,32,1,True,1,0.09061186106431944,0.09061180765161195,True,0.0018992555190409154,0.0023198915012656884,0.469
dwell2,grid,32,1,False,2,0.032829131732831925,0.032829131721025126,True,0.0005233961293557719,0.000532590271194206,0.406
dwell2,grid,32,1,True,2,0.01854678399343883,0.01854678399332724,True,0.00012872242126538738,0.00013869651716525173,0.406
dwell2,grid,32,1,False,3,0.09689367867196291,0.09689367768343946,True,0.006579668984728775,0.006458397235497113,0.875
dwell2,grid,32,1,True,3,0.0187733529054524,0.018773352902960793,True,0.00020127884711768513,0.00019985339912694688,0.875
dwell2,grid,32,1,False,4,0.02419044830007947,0.024190448299787913,True,0.00037142628006368465,0.00039141529368821984,0.656
dwell2,grid,32,1,True,4,0.00888360386225039,0.008883603862250258,True,4.914595049140988e-05,4.823796207430025e-05,0.656
dwell2,grid,32,1,False,5,0.45499282878628616,0.45369718977498635,True,0.42278623462423376,0.5169399139733559,0.406
dwell2,grid,32,1,True,5,0.23930115241609035,0.2385844863951647,True,0.1015071036626255,0.12422983083487896,0.406
dwell2,grid,32,2,False,0,0.06403447114769,0.06351781813486382,True,0.060107838048345484,0.07145446997194776,0.25
dwell2,grid,32,2,True,0,0.06035621384857658,0.05996448588250777,True,0.0592199926215304,0.07085236363075754,0.25
dwell2,grid,32,2,False,1,0.42380026214943395,0.42328275350475186,True,0.06950831740978138,0.08327639132833733,0.344
dwell2,grid,32,2,True,1,0.08159102836951006,0.08159102832521739,True,0.0014914113441142852,0.001810487797061761,0.344
dwell2,grid,32,2,False,2,0.025739434204400093,0.025739434201908377,True,0.00030495474620701645,0.0003049147840001233,0.688
dwell2,grid,32,2,True,2,0.013238105115339549,0.013238105115311037,True,6.858794456814706e-05,6.720427495939041e-05,0.688
dwell2,grid,32,2,False,3,0.053068527853476155,0.0530685278321435,True,0.0013916305906629819,0.0013747413046813193,0.906
dwell2,grid,32,2,True,3,0.016865614794440088,0.0168656147941125,True,0.00010672448606393078,0.00010555888182172676,0.906
dwell2,grid,32,2,False,4,0.4169361545078385,0.4162385334210755,True,0.008024193706392381,0.007933602472011601,0.688
dwell2,grid,32,2,True,4,0.08290250624511401,0.08290250614820574,True,0.0015988602784467191,0.0019530372626422351,0.688
dwell2,grid,32,2,False,5,0.12985896699686575,0.1297500925005709,True,0.020075589444802453,0.019677669518382457,1.0
dwell2,grid,32,2,True,5,0.017970097006896356,0.017970097006808232,True,0.0003056690526158065,0.00030917787126565115,1.0
dwell2,grid,32,5,False,0,0.028275422293652847,0.02826581679340509,True,0.000824611017034474,0.0009877465304968544,0.938
dwell2,grid,32,5,True,0,0.013410505961697508,0.013410505961603982,True,0.00014678582025617602,0.00017730129942855594,0.938
dwell2,grid,32,5,False,1,0.03234742335019368,0.03234389443949932,True,0.0004533116466610713,0.0004574189691187641,0.781
dwell2,grid,32,5,True,1,0.01928567660356802,0.019285676598105834,True,0.00012644445538024016,0.00013087383100558053,0.781
dwell2,grid,32,5,False,2,0.22295943788384867,0.22295391136873194,True,0.018738956050176017,0.02292453327225087,0.812
dwell2,grid,32,5,True,2,0.07183341291538248,0.07183341285211729,True,0.001355546631010634,0.0016589040031489359,0.812
dwell2,grid,32,5,False,3,0.22620707348682523,0.22579532143070394,True,0.037687362507830106,0.04445802064186594,0.625
dwell2,grid,32,5,True,3,0.08316295453309311,0.0831629542464597,True,0.0014432481385117967,0.0017497383897472614,0.625
dwell2,grid,32,5,False,4,0.05055901581597007,0.05038623580392425,True,0.02181109196558444,0.022334431665729477,0.875
dwell2,grid,32,5,True,4,0.02787285044859228,0.02783888479928801,True,0.0010015242749558564,0.001055381746566972,0.875
dwell2,grid,32,5,False,5,0.030733231014820343,0.030623992742627386,True,0.018158586972619135,0.02074520117306179,0.75
dwell2,grid,32,5,True,5,0.01887718155844724,0.018808104294547406,True,0.008610831461131131,0.010181467247537839,0.75
dwell2,grid,128,1,False,0,0.4102468435578376,0.4090841411932059,True,0.08694644624862212,0.10531657625998196,0.336
dwell2,grid,128,1,True,0,0.09759408391612452,0.09759408370344531,True,0.0010753581512329112,0.0013151898255864066,0.336
dwell2,grid,128,1,False,1,0.1188528752981097,0.11885278088807677,True,0.0035075771441809944,0.0042727751911259175,0.164
dwell2,grid,128,1,True,1,0.06156556326404633,0.06156556327959235,True,0.0007442671509519651,0.0009086267289689967,0.164
dwell2,grid,128,1,False,2,0.06775947268687892,0.06775945564332819,True,0.0016179881775784906,0.0018684111391126146,0.578
dwell2,grid,128,1,True,2,0.02047594950109052,0.02047594950095984,True,0.00011997938802182318,0.00014057793352723736,0.578
dwell2,grid,128,1,False,3,0.26267305426058224,0.2620254554448955,True,0.0213319264735736,0.024591554922592077,0.656
dwell2,grid,128,1,True,3,0.04685241418068101,0.046852414148752804,True,0.0004833892452536236,0.0005891723887390905,0.656
dwell2,grid,128,1,False,4,0.0516391594103109,0.05148365850460937,True,0.011306233500353851,0.01201906128693691,0.469
dwell2,grid,128,1,True,4,0.026049040341071368,0.026018192114393553,True,0.000316059193521807,0.00034109082143926974,0.469
dwell2,grid,128,1,False,5,0.13902204070996899,0.13902204059150391,True,0.005036641989448397,0.006152989731207806,0.391
dwell2,grid,128,1,True,5,0.05920389927586855,0.059203899341400044,True,0.0006891956497649199,0.0008427571565818359,0.391
dwell2,grid,128,2,False,0,0.012082610267109321,0.012082610267103338,True,5.978520388788709e-05,6.716928458806715e-05,0.891
dwell2,grid,128,2,True,0,0.006488709405874996,0.006488709405874931,True,1.5172757860267656e-05,1.6877921544055436e-05,0.891
dwell2,grid,128,2,False,1,0.01096876419490899,0.010968764194907072,True,8.694827051753124e-05,9.430145275445008e-05,0.906
dwell2,grid,128,2,True,1,0.004500809425531056,0.004500809425531041,True,9.35558042944952e-06,9.19870348928862e-06,0.906
dwell2,grid,128,2,False,2,0.018469229650029218,0.01846922964965953,True,0.00017085986779977747,0.00017028608730244017,0.734
dwell2,grid,128,2,True,2,0.008632372292222624,0.008632372292221238,True,3.112610662290017e-05,3.1296341045034044e-05,0.734
dwell2,grid,128,2,False,3,0.014550642149161814,0.014550642149076327,True,0.00010924628291957693,0.00010734965810899328,0.891
dwell2,grid,128,2,True,3,0.007451246306313844,0.007451246306312957,True,2.607832935236985e-05,2.574155989410882e-05,0.891
dwell2,grid,128,2,False,4,0.01591293597082983,0.01591293597077089,True,0.00015332661869594077,0.0001677710811876092,0.922
dwell2,grid,128,2,True,4,0.006742559714142329,0.006742559714142265,True,2.538526164862391e-05,2.848978126014986e-05,0.922
dwell2,grid,128,2,False,5,0.018849912419383115,0.01884991241923193,True,0.00017506175762124296,0.00020369548032712502,0.914
dwell2,grid,128,2,True,5,0.008473007979918398,0.008473007979918259,True,2.8351706692371654e-05,3.2421639496194436e-05,0.914
dwell2,grid,128,5,False,0,0.037732221567216465,0.03773222155753293,True,0.0005424960332996628,0.0006579401345617781,0.922
dwell2,grid,128,5,True,0,0.015395220924471506,0.015395220923714585,True,6.611619936961698e-05,7.992681996322356e-05,0.922
dwell2,grid,128,5,False,1,0.014791280915061596,0.014791280915023082,True,0.00013587048561789747,0.00015934886831785134,0.969
dwell2,grid,128,5,True,1,0.007758971823571385,0.007758971823571076,True,3.112147875044294e-05,3.7120450481631656e-05,0.969
dwell2,grid,128,5,False,2,0.00783702678237423,0.00783702678237416,True,3.102739871441562e-05,3.308569447099046e-05,0.953
dwell2,grid,128,5,True,2,0.00525314744864562,0.005253147448645585,True,1.2002149050743037e-05,1.3416717888409353e-05,0.953
dwell2,grid,128,5,False,3,0.09473033012045043,0.09439071805864438,True,0.042456221001507304,0.04905145540400728,0.625
dwell2,grid,128,5,True,3,0.033692941377202835,0.033688351894781546,True,0.00025817078128330016,0.0003108855285583583,0.625
dwell2,grid,128,5,False,4,0.010099362385385585,0.010099362385384883,True,5.430624933407323e-05,5.62256239653795e-05,0.906
dwell2,grid,128,5,True,4,0.005222709236309448,0.0052227092363093825,True,1.147373831133545e-05,1.1265175018765625e-05,0.906
dwell2,grid,128,5,False,5,0.026632822657591988,0.026632822656699265,True,0.00025049473546846275,0.00028879065413493023,0.867
dwell2,grid,128,5,True,5,0.012742304981283568,0.012742304981280237,True,5.033045441983386e-05,5.748775604106287e-05,0.867
dwell2,grid,512,1,False,0,0.004814635086738627,0.004814635086738572,True,2.2571647309264144e-05,2.213564019881754e-05,0.953
dwell2,grid,512,1,True,0,0.002082087484387374,0.0020820874843873434,True,3.0961469715452344e-06,3.1481913567293705e-06,0.953
dwell2,grid,512,1,False,1,0.042329908571173115,0.04232990856384328,True,0.000537916422066629,0.0006393706227856237,0.254
dwell2,grid,512,1,True,1,0.014929660908132275,0.014929660907987474,True,5.4828861296031604e-05,6.581892434303222e-05,0.254
dwell2,grid,512,1,False,2,0.28455006534048655,0.284433621248158,True,0.01709416122605033,0.02090906967184726,0.594
dwell2,grid,512,1,True,2,0.03321280934674935,0.033212809115661227,True,0.00018332970995640492,0.00022430280518317337,0.594
dwell2,grid,512,1,False,3,0.05286355992911185,0.05286320710892211,True,0.0009102579190854367,0.001068174711042147,0.463
dwell2,grid,512,1,True,3,0.011648559017486633,0.01164855901747615,True,3.53782483663148e-05,4.1886139114550674e-05,0.463
dwell2,grid,512,1,False,4,0.005370798531160308,0.00537079853116026,True,1.1256990840893385e-05,1.3212869401627132e-05,0.949
dwell2,grid,512,1,True,4,0.0026303744959902,0.0026303744959901673,True,2.4556453920941936e-06,2.7960009166560007e-06,0.949
dwell2,grid,512,1,False,5,0.011816239859930154,0.011816239859923871,True,0.00013672698671764167,0.00014048417694641522,0.943
dwell2,grid,512,1,True,5,0.0032461147649752676,0.003246114764975246,True,8.335179274067209e-06,9.005630132023029e-06,0.943
dwell2,grid,512,2,False,0,0.03712614446666666,0.03712608309751819,True,0.0005329399781057495,0.0006500131052425414,0.885
dwell2,grid,512,2,True,0,0.012358414778753582,0.0123584188606559,True,4.387460441504217e-05,5.353319125976405e-05,0.885
dwell2,grid,512,2,False,1,0.016880140063402042,0.016880140062289918,True,0.00010814264499310081,0.00013128277741869675,0.779
dwell2,grid,512,2,True,1,0.006966944830257544,0.0069669448302939335,True,1.3812693392890947e-05,1.6685659528753107e-05,0.779
dwell2,grid,512,2,False,2,0.006062445590442871,0.006062445590442805,True,2.7994952143214258e-05,2.7690433687371745e-05,0.953
dwell2,grid,512,2,True,2,0.0025698395938139377,0.0025698395938138973,True,4.201872527918936e-06,4.719620543553454e-06,0.953
dwell2,grid,512,2,False,3,0.004940570461908358,0.004940570461908324,True,1.9864763304152613e-05,1.986599712973059e-05,0.934
dwell2,grid,512,2,True,3,0.0026705310404342942,0.002670531040434255,True,4.665082441052528e-06,4.844596622878515e-06,0.934
dwell2,grid,512,2,False,4,0.10443413078376879,0.10413711394671826,True,0.01625949278674155,0.019689861358585803,0.705
dwell2,grid,512,2,True,4,0.025044529243271784,0.025044529228877226,True,0.00014747324997295798,0.00018035183932978353,0.705
dwell2,grid,512,2,False,5,0.0048201132164416415,0.004820113216441583,True,1.9488525249225025e-05,2.0144177725425843e-05,0.963
dwell2,grid,512,2,True,5,0.0020999650523467034,0.002099965052346698,True,2.40664875784922e-06,2.4753661383255823e-06,0.963
dwell2,grid,512,5,False,0,0.03325242075740094,0.03325242074660985,True,0.00036696921647573683,0.0004473962922883816,0.834
dwell2,grid,512,5,True,0,0.012695702257273019,0.012695702256615145,True,3.872723903793901e-05,4.722628540587049e-05,0.834
dwell2,grid,512,5,False,1,0.009804709765431522,0.009804709765430316,True,3.937089161687229e-05,4.117938910918348e-05,0.91
dwell2,grid,512,5,True,1,0.0051536773476167155,0.005153677347616673,True,1.0116028659444734e-05,1.070559961053454e-05,0.91
dwell2,grid,512,5,False,2,0.13006906536226623,0.12954889554701016,True,0.11391285024077896,0.13915698669399915,0.686
dwell2,grid,512,5,True,2,0.03497744649676893,0.034895742659333914,True,0.00344584883879742,0.004215732034606163,0.686
dwell2,grid,512,5,False,3,0.007244617577496027,0.007244617577495978,True,4.054710594281391e-05,4.802927376855532e-05,0.965
dwell2,grid,512,5,True,3,0.004108143805285174,0.004108143805285161,True,1.0586334952958787e-05,1.2720698516605904e-05,0.965
dwell2,grid,512,5,False,4,0.009730880776856818,0.00969255478928109,True,0.00923871124078137,0.01008061991060163,0.961
dwell2,grid,512,5,True,4,0.0035399587420011005,0.0035258055504418908,True,0.003118590968147558,0.003547943917259183,0.961
dwell2,grid,512,5,False,5,0.009395349476187418,0.009395349476187176,True,4.241866805487179e-05,4.1574377623087936e-05,0.84
dwell2,grid,512,5,True,5,0.003973886165184529,0.0039738861651845234,True,6.196795652955457e-06,6.12763570945182e-06,0.84
gmm8,smc,8,1,False,0,0.5640583886115982,0.587320054614286,True,0.9889649450894378,0.20708354337761084,1.0
gmm8,smc,8,1,True,0,0.04100860708103464,0.04148447936884192,True,0.0052853027432827404,0.0012863896110456667,1.0
gmm8,smc,8,1,False,1,0.3606680040060235,0.4003569320489842,True,1.8245643092120905,0.38176189570551344,1.0
gmm8,smc,8,1,True,1,0.037276806391377995,0.03657962399767395,True,0.04473743995601574,0.009308395607041872,1.0
gmm8,smc,8,1,False,2,0.4694140024033212,0.4393650325823946,True,1.382045253772689,0.3584295132553025,1.0
gmm8,smc,8,1,True,2,0.030282270866099574,0.03043508134066876,True,0.003002264979058482,0.0006859749590544175,1.0
gmm8,smc,8,1,False,3,0.348505974416198,0.34491245141390775,True,0.6696309520225434,0.18748372728146326,1.0
gmm8,smc,8,1,True,3,0.03167444025104495,0.031477359639202354,True,0.003490396306647433,0.0011799592250540428,1.0
gmm8,smc,8,1,False,4,0.4396949889534213,0.5464241882031035,False,1.2738677964100993,0.26006555075817656,1.0
gmm8,smc,8,1,True,4,0.031499060039204614,0.030619966362882615,True,0.027807942286725573,0.005752843952449812,1.0
gmm8,smc,8,1,False,5,0.8127898459403435,0.7860614771321002,True,1.6591184203524385,0.46494083353826193,1.0
gmm8,smc,8,1,True,5,0.044243046340066386,0.04274486953250798,True,0.005911333385362373,0.0015591996284148098,1.0
gmm8,smc,32,1,False,0,0.07882717446715912,0.0792044107519512,True,0.013912838217934773,0.0028446624693335763,0.938
gmm8,smc,32,1,True,0,0.010866236236101504,0.010774700458361625,True,0.002119529690552265,0.000513448789819433,0.938
gmm8,smc,32,1,False,1,0.09534998422561086,0.0943271429019926,True,0.016560098549413704,0.0038542474282837243,0.875
gmm8,smc,32,1,True,1,0.01238776596906253,0.012206000472865396,True,0.0013957629539206534,0.0004171383327436748,0.875
gmm8,smc,32,1,False,2,0.12469242291318955,0.13184471827944622,True,0.2954007891456721,0.0940926623006589,0.906
gmm8,smc,32,1,True,2,0.010250561992782981,0.01049129546807937,True,0.010598269455289536,0.00216444945797364,0.906
gmm8,smc,32,1,False,3,0.1238975613522772,0.11842007274602101,True,0.01959424232260574,0.006235913594300829,0.938
gmm8,smc,32,1,True,3,0.011122026821718596,0.011202172636638356,True,0.001621726792811009,0.0003559185670503595,0.938
gmm8,smc,32,1,False,4,0.08600793755424249,0.08508405582956127,True,0.08794579115894974,0.018423852244989165,0.969
gmm8,smc,32,1,True,4,0.011679149107326415,0.011458592668826137,True,0.002262135992462244,0.0005614845198103177,0.969
gmm8,smc,32,1,False,5,0.1121843330331844,0.11150668149059471,True,0.031403062936346426,0.00649516034611323,1.0
gmm8,smc,32,1,True,5,0.012098304673790469,0.012275940758862881,True,0.002109571449219967,0.0004307293326203681,1.0
gmm8,smc,128,1,False,0,0.022785629707342256,0.02200452384005784,True,0.0019516232904889486,0.0005250085717926569,0.859
gmm8,smc,128,1,True,0,0.00404580979856028,0.004068097033042626,True,0.0003935408368804729,8.308696690935897e-05,0.859
gmm8,smc,128,1,False,1,0.025949456775769555,0.02631943344109343,True,0.004062347496642609,0.000886263145946909,0.898
gmm8,smc,128,1,True,1,0.004085500304743655,0.004164031175804877,True,0.0005325928291273528,0.00011987090702391372,0.898
gmm8,smc,128,1,False,2,0.026671741693489612,0.027236333839298497,True,0.021496038332927833,0.004461416826056402,0.867
gmm8,smc,128,1,True,2,0.004364377604121934,0.004390832517469637,True,0.0006492693089884347,0.00018085131662806705,0.867
gmm8,smc,128,1,False,3,0.020607677939799573,0.020705487735376643,True,0.0036879483425488967,0.0008686994741623958,0.922
gmm8,smc,128,1,True,3,0.003836927795681817,0.003924215347619416,True,0.0006797150018238882,0.00016855964128887734,0.922
gmm8,smc,128,1,False,4,0.021265787965582,0.020910574017597237,True,0.002644273927891939,0.0005964839646857746,0.852
gmm8,smc,128,1,True,4,0.0038292873395860943,0.0038545738796262044,True,0.0004855853390960703,0.00010209306893933592,0.852
gmm8,smc,128,1,False,5,0.042294237986257574,0.04198063112530838,True,0.03409194364420106,0.007106815519244747,0.875
gmm8,smc,128,1,True,5,0.00478865197348612,0.00474820912382705,True,0.00034669682601813217,9.623058768749381e-05,0.875
gmm8,smc,512,1,False,0,0.00760860338527174,0.007707413145268901,True,0.0012336910939655128,0.0003660868440382063,0.891
gmm8,smc,512,1,True,0,0.0017251209447694733,0.001727308654289141,True,0.00021051312876935283,5.273025411170727e-05,0.891
gmm8,smc,512,1,False,1,0.005386825677756773,0.00533276672474495,True,0.0009321784059193936,0.00021581021227699658,0.852
gmm8,smc,512,1,True,1,0.001675389415029047,0.0016712542478348295,True,0.0001546674087769973,3.203329032272421e-05,0.852
gmm8,smc,512,1,False,2,0.009687514391834236,0.00982213474968287,True,0.0008383589522957176,0.00021176424380555398,0.893
gmm8,smc,512,1,True,2,0.0018199885858353774,0.0018203613135598048,True,0.0001924937913796238,4.371144959469835e-05,0.893
gmm8,smc,512,1,False,3,0.008548130806274066,0.008541302812529038,True,0.0015545928010364746,0.0003714006105123932,0.885
gmm8,smc,512,1,True,3,0.0018003289125389545,0.0017864393479784923,True,0.00028842710970008805,6.014439273693466e-05,0.885
gmm8,smc,512,1,False,4,0.006243641010399164,0.006129198607630411,True,0.0009397066978526252,0.00019418565053855153,0.891
gmm8,smc,512,1,True,4,0.00178349960339005,0.001775782726677227,True,0.0002259754730717926,7.458082355361912e-05,0.891
gmm8,smc,512,1,False,5,0.012820536642462896,0.012805462862769078,True,0.0013150261329268416,0.00030362603845497785,0.895
gmm8,smc,512,1,True,5,0.0019620360150109087,0.0019506898451309871,True,0.0003466971206362957,9.096283205176204e-05,0.895
